葛**达,（匿名）,易方达聚盈A债券基000429首期约定年收益率百分6双十一理财特别版,10000,2013-11-12 14:26,成交,,,平均值,9331.185567
潘**6,（匿名）,易方达聚盈A债券基000429首期约定年收益率百分6双十一理财特别版,1000,2013-11-12 14:26,成交,,,总值,7241000
z**g,（匿名）,易方达聚盈A债券基000429首期约定年收益率百分6双十一理财特别版,3000,2013-11-12 14:26,成交,,,个数,776
苗**n,（匿名）,易方达聚盈A债券基000429首期约定年收益率百分6双十一理财特别版,7000,2013-11-12 14:26,成交,,,最大值,50000
t**3,（匿名）,易方达聚盈A债券基000429首期约定年收益率百分6双十一理财特别版,1000,2013-11-12 14:25,成交,,,最小值,1000
u**5,（匿名）,易方达聚盈A债券基000429首期约定年收益率百分6双十一理财特别版,4000,2013-11-12 14:25,成交
紫**3,（匿名）,易方达聚盈A债券基000429首期约定年收益率百分6双十一理财特别版,1000,2013-11-12 14:25,成交
2.00E+04,（匿名）,易方达聚盈A债券基000429首期约定年收益率百分6双十一理财特别版,1000,2013-11-12 14:24,成交
l**8,（匿名）,易方达聚盈A债券基000429首期约定年收益率百分6双十一理财特别版,3000,2013-11-12 14:23,成交
s**6,（匿名）,易方达聚盈A债券基000429首期约定年收益率百分6双十一理财特别版,6000,2013-11-12 14:22,成交
z**j,（匿名）,易方达聚盈A债券基000429首期约定年收益率百分6双十一理财特别版,1000,2013-11-12 14:21,成交
希**货,（匿名）,易方达聚盈A债券基000429首期约定年收益率百分6双十一理财特别版,50000,2013-11-12 14:21,成交
北**尔,（匿名）,易方达聚盈A债券基000429首期约定年收益率百分6双十一理财特别版,9000,2013-11-12 14:25,成交
s**6,（匿名）,易方达聚盈A债券基000429首期约定年收益率百分6双十一理财特别版,10000,2013-11-12 14:23,成交
s**g,（匿名）,易方达聚盈A债券基000429首期约定年收益率百分6双十一理财特别版,10000,2013-11-12 14:21,成交
w**9,（匿名）,易方达聚盈A债券基000429首期约定年收益率百分6双十一理财特别版,1000,2013-11-12 14:20,成交
回**店,（匿名）,易方达聚盈A债券基000429首期约定年收益率百分6双十一理财特别版,30000,2013-11-12 14:20,成交
l**0,（匿名）,易方达聚盈A债券基000429首期约定年收益率百分6双十一理财特别版,20000,2013-11-12 14:20,成交
l**2,（匿名）,易方达聚盈A债券基000429首期约定年收益率百分6双十一理财特别版,1000,2013-11-12 14:19,成交
s**z,（匿名）,易方达聚盈A债券基000429首期约定年收益率百分6双十一理财特别版,5000,2013-11-12 14:18,成交
h**r,（匿名）,易方达聚盈A债券基000429首期约定年收益率百分6双十一理财特别版,2000,2013-11-12 14:17,成交
h**楠,（匿名）,易方达聚盈A债券基000429首期约定年收益率百分6双十一理财特别版,3000,2013-11-12 14:16,成交
馒**2,（匿名）,易方达聚盈A债券基000429首期约定年收益率百分6双十一理财特别版,5000,2013-11-12 14:16,成交
s**m,（匿名）,易方达聚盈A债券基000429首期约定年收益率百分6双十一理财特别版,2000,2013-11-12 14:16,成交
w**r,（匿名）,易方达聚盈A债券基000429首期约定年收益率百分6双十一理财特别版,5000,2013-11-12 14:17,成交
阳**1,（匿名）,易方达聚盈A债券基000429首期约定年收益率百分6双十一理财特别版,3000,2013-11-12 14:15,成交
馒**2,（匿名）,易方达聚盈A债券基000429首期约定年收益率百分6双十一理财特别版,5000,2013-11-12 14:15,成交
i**6,（匿名）,易方达聚盈A债券基000429首期约定年收益率百分6双十一理财特别版,7000,2013-11-12 14:14,成交
w**王,（匿名）,易方达聚盈A债券基000429首期约定年收益率百分6双十一理财特别版,1000,2013-11-12 14:14,成交
国**锐,（匿名）,易方达聚盈A债券基000429首期约定年收益率百分6双十一理财特别版,2000,2013-11-12 14:14,成交
银**雪,（匿名）,易方达聚盈A债券基000429首期约定年收益率百分6双十一理财特别版,7000,2013-11-12 14:14,成交
l**n,（匿名）,易方达聚盈A债券基000429首期约定年收益率百分6双十一理财特别版,1000,2013-11-12 14:13,成交
w**5,（匿名）,易方达聚盈A债券基000429首期约定年收益率百分6双十一理财特别版,1000,2013-11-12 14:13,成交
阳**1,（匿名）,易方达聚盈A债券基000429首期约定年收益率百分6双十一理财特别版,1000,2013-11-12 14:13,成交
s**i,（匿名）,易方达聚盈A债券基000429首期约定年收益率百分6双十一理财特别版,10000,2013-11-12 14:10,成交
a**7,（匿名）,易方达聚盈A债券基000429首期约定年收益率百分6双十一理财特别版,2000,2013-11-12 14:09,成交
心**绝,（匿名）,易方达聚盈A债券基000429首期约定年收益率百分6双十一理财特别版,3000,2013-11-12 14:10,成交
优**涕,（匿名）,易方达聚盈A债券基000429首期约定年收益率百分6双十一理财特别版,3000,2013-11-12 14:12,成交
b**x,（匿名）,易方达聚盈A债券基000429首期约定年收益率百分6双十一理财特别版,20000,2013-11-12 14:08,成交
z**j,（匿名）,易方达聚盈A债券基000429首期约定年收益率百分6双十一理财特别版,1000,2013-11-12 14:08,成交
i**0,（匿名）,易方达聚盈A债券基000429首期约定年收益率百分6双十一理财特别版,3000,2013-11-12 14:07,成交
p**8,（匿名）,易方达聚盈A债券基000429首期约定年收益率百分6双十一理财特别版,8000,2013-11-12 14:07,成交
i**6,（匿名）,易方达聚盈A债券基000429首期约定年收益率百分6双十一理财特别版,3000,2013-11-12 14:07,成交
千**寻,（匿名）,易方达聚盈A债券基000429首期约定年收益率百分6双十一理财特别版,10000,2013-11-12 14:07,成交
o**k,（匿名）,易方达聚盈A债券基000429首期约定年收益率百分6双十一理财特别版,20000,2013-11-12 14:06,成交
随**8,（匿名）,易方达聚盈A债券基000429首期约定年收益率百分6双十一理财特别版,20000,2013-11-12 14:10,成交
h**s,（匿名）,易方达聚盈A债券基000429首期约定年收益率百分6双十一理财特别版,5000,2013-11-12 14:09,成交
f**9,（匿名）,易方达聚盈A债券基000429首期约定年收益率百分6双十一理财特别版,1000,2013-11-12 14:06,成交
s**h,（匿名）,易方达聚盈A债券基000429首期约定年收益率百分6双十一理财特别版,15000,2013-11-12 14:05,成交
z**j,（匿名）,易方达聚盈A债券基000429首期约定年收益率百分6双十一理财特别版,1000,2013-11-12 14:08,成交
b**0,（匿名）,易方达聚盈A债券基000429首期约定年收益率百分6双十一理财特别版,1000,2013-11-12 14:05,成交
w**i,（匿名）,易方达聚盈A债券基000429首期约定年收益率百分6双十一理财特别版,2000,2013-11-12 14:04,成交
l**8,（匿名）,易方达聚盈A债券基000429首期约定年收益率百分6双十一理财特别版,2000,2013-11-12 14:03,成交
d**9,（匿名）,易方达聚盈A债券基000429首期约定年收益率百分6双十一理财特别版,10000,2013-11-12 14:02,成交
l**i,（匿名）,易方达聚盈A债券基000429首期约定年收益率百分6双十一理财特别版,5000,2013-11-12 14:02,成交
西**月,（匿名）,易方达聚盈A债券基000429首期约定年收益率百分6双十一理财特别版,10000,2013-11-12 14:02,成交
g**9,（匿名）,易方达聚盈A债券基000429首期约定年收益率百分6双十一理财特别版,40000,2013-11-12 14:04,成交
n**e,（匿名）,易方达聚盈A债券基000429首期约定年收益率百分6双十一理财特别版,10000,2013-11-12 14:01,成交
都**城,（匿名）,易方达聚盈A债券基000429首期约定年收益率百分6双十一理财特别版,2000,2013-11-12 14:03,成交
c**0,（匿名）,易方达聚盈A债券基000429首期约定年收益率百分6双十一理财特别版,10000,2013-11-12 14:01,成交
l**l,（匿名）,易方达聚盈A债券基000429首期约定年收益率百分6双十一理财特别版,10000,2013-11-12 14:00,成交
f**7,（匿名）,易方达聚盈A债券基000429首期约定年收益率百分6双十一理财特别版,20000,2013-11-12 13:59,成交
y**y,（匿名）,易方达聚盈A债券基000429首期约定年收益率百分6双十一理财特别版,10000,2013-11-12 13:59,成交
q**y,（匿名）,易方达聚盈A债券基000429首期约定年收益率百分6双十一理财特别版,1000,2013-11-12 13:58,成交
红**e,（匿名）,易方达聚盈A债券基000429首期约定年收益率百分6双十一理财特别版,5000,2013-11-12 13:59,成交
沙**l,（匿名）,易方达聚盈A债券基000429首期约定年收益率百分6双十一理财特别版,1000,2013-11-12 13:58,成交
v**5,（匿名）,易方达聚盈A债券基000429首期约定年收益率百分6双十一理财特别版,6000,2013-11-12 13:56,成交
t**0,（匿名）,易方达聚盈A债券基000429首期约定年收益率百分6双十一理财特别版,20000,2013-11-12 13:54,成交
h**l,（匿名）,易方达聚盈A债券基000429首期约定年收益率百分6双十一理财特别版,5000,2013-11-12 13:51,成交
阿**8,（匿名）,易方达聚盈A债券基000429首期约定年收益率百分6双十一理财特别版,1000,2013-11-12 13:54,成交
a**4,（匿名）,易方达聚盈A债券基000429首期约定年收益率百分6双十一理财特别版,35000,2013-11-12 14:18,成交
e**6,（匿名）,易方达聚盈A债券基000429首期约定年收益率百分6双十一理财特别版,35000,2013-11-12 13:49,成交
z**j,（匿名）,易方达聚盈A债券基000429首期约定年收益率百分6双十一理财特别版,1000,2013-11-12 13:48,成交
z**j,（匿名）,易方达聚盈A债券基000429首期约定年收益率百分6双十一理财特别版,1000,2013-11-12 13:48,成交
j**f,（匿名）,易方达聚盈A债券基000429首期约定年收益率百分6双十一理财特别版,5000,2013-11-12 13:47,成交
h**7,（匿名）,易方达聚盈A债券基000429首期约定年收益率百分6双十一理财特别版,10000,2013-11-12 13:46,成交
蹴**葵,（匿名）,易方达聚盈A债券基000429首期约定年收益率百分6双十一理财特别版,3000,2013-11-12 13:46,成交
x**6,（匿名）,易方达聚盈A债券基000429首期约定年收益率百分6双十一理财特别版,1000,2013-11-12 13:57,成交
w**7,（匿名）,易方达聚盈A债券基000429首期约定年收益率百分6双十一理财特别版,1000,2013-11-12 13:44,成交
紫**袖,（匿名）,易方达聚盈A债券基000429首期约定年收益率百分6双十一理财特别版,20000,2013-11-12 13:43,成交
j**6,（匿名）,易方达聚盈A债券基000429首期约定年收益率百分6双十一理财特别版,2000,2013-11-12 13:45,成交
x**j,（匿名）,易方达聚盈A债券基000429首期约定年收益率百分6双十一理财特别版,20000,2013-11-12 13:43,成交
f**7,（匿名）,易方达聚盈A债券基000429首期约定年收益率百分6双十一理财特别版,4000,2013-11-12 13:42,成交
j**6,（匿名）,易方达聚盈A债券基000429首期约定年收益率百分6双十一理财特别版,8000,2013-11-12 13:43,成交
z**j,（匿名）,易方达聚盈A债券基000429首期约定年收益率百分6双十一理财特别版,1000,2013-11-12 13:41,成交
z**j,（匿名）,易方达聚盈A债券基000429首期约定年收益率百分6双十一理财特别版,1000,2013-11-12 13:40,成交
z**j,（匿名）,易方达聚盈A债券基000429首期约定年收益率百分6双十一理财特别版,1000,2013-11-12 13:40,成交
y**y,（匿名）,易方达聚盈A债券基000429首期约定年收益率百分6双十一理财特别版,2000,2013-11-12 13:40,成交
b**r,（匿名）,易方达聚盈A债券基000429首期约定年收益率百分6双十一理财特别版,20000,2013-11-12 13:46,成交
东**海,（匿名）,易方达聚盈A债券基000429首期约定年收益率百分6双十一理财特别版,3000,2013-11-12 13:40,成交
z**j,（匿名）,易方达聚盈A债券基000429首期约定年收益率百分6双十一理财特别版,1000,2013-11-12 13:39,成交
4**h,（匿名）,易方达聚盈A债券基000429首期约定年收益率百分6双十一理财特别版,2000,2013-11-12 13:39,成交
v**3,（匿名）,易方达聚盈A债券基000429首期约定年收益率百分6双十一理财特别版,5000,2013-11-12 13:37,成交
w**0,（匿名）,易方达聚盈A债券基000429首期约定年收益率百分6双十一理财特别版,3000,2013-11-12 13:37,成交
s**l,（匿名）,易方达聚盈A债券基000429首期约定年收益率百分6双十一理财特别版,6000,2013-11-12 13:42,成交
l**q,（匿名）,易方达聚盈A债券基000429首期约定年收益率百分6双十一理财特别版,30000,2013-11-12 13:36,成交
屏**9,（匿名）,易方达聚盈A债券基000429首期约定年收益率百分6双十一理财特别版,3000,2013-11-12 13:37,成交
c**b,（匿名）,易方达聚盈A债券基000429首期约定年收益率百分6双十一理财特别版,1000,2013-11-12 13:38,成交
小**铺,（匿名）,易方达聚盈A债券基000429首期约定年收益率百分6双十一理财特别版,15000,2013-11-12 13:35,成交
l**逛,（匿名）,易方达聚盈A债券基000429首期约定年收益率百分6双十一理财特别版,1000,2013-11-12 13:35,成交
v**5,（匿名）,易方达聚盈A债券基000429首期约定年收益率百分6双十一理财特别版,2000,2013-11-12 13:35,成交
张**8,（匿名）,易方达聚盈A债券基000429首期约定年收益率百分6双十一理财特别版,1000,2013-11-12 13:35,成交
z**j,（匿名）,易方达聚盈A债券基000429首期约定年收益率百分6双十一理财特别版,1000,2013-11-12 13:39,成交
c**2,（匿名）,易方达聚盈A债券基000429首期约定年收益率百分6双十一理财特别版,5000,2013-11-12 13:34,成交
z**j,（匿名）,易方达聚盈A债券基000429首期约定年收益率百分6双十一理财特别版,1000,2013-11-12 13:33,成交
y**3,（匿名）,易方达聚盈A债券基000429首期约定年收益率百分6双十一理财特别版,10000,2013-11-12 13:33,成交
帝**蛾,（匿名）,易方达聚盈A债券基000429首期约定年收益率百分6双十一理财特别版,1000,2013-11-12 13:37,成交
东**8,（匿名）,易方达聚盈A债券基000429首期约定年收益率百分6双十一理财特别版,50000,2013-11-12 13:38,成交
小**铺,（匿名）,易方达聚盈A债券基000429首期约定年收益率百分6双十一理财特别版,5000,2013-11-12 13:33,成交
娃**5,（匿名）,易方达聚盈A债券基000429首期约定年收益率百分6双十一理财特别版,10000,2013-11-12 13:40,成交
z**e,（匿名）,易方达聚盈A债券基000429首期约定年收益率百分6双十一理财特别版,1000,2013-11-12 13:46,成交
y**糖,（匿名）,易方达聚盈A债券基000429首期约定年收益率百分6双十一理财特别版,3000,2013-11-12 13:29,成交
笑**巍,（匿名）,易方达聚盈A债券基000429首期约定年收益率百分6双十一理财特别版,4000,2013-11-12 13:29,成交
p**n,（匿名）,易方达聚盈A债券基000429首期约定年收益率百分6双十一理财特别版,1000,2013-11-12 13:29,成交
m**2,（匿名）,易方达聚盈A债券基000429首期约定年收益率百分6双十一理财特别版,50000,2013-11-12 13:29,成交
j**1,（匿名）,易方达聚盈A债券基000429首期约定年收益率百分6双十一理财特别版,1000,2013-11-12 13:28,成交
天**3,（匿名）,易方达聚盈A债券基000429首期约定年收益率百分6双十一理财特别版,2000,2013-11-12 13:28,成交
宇**9,（匿名）,易方达聚盈A债券基000429首期约定年收益率百分6双十一理财特别版,10000,2013-11-12 13:32,成交
w**5,（匿名）,易方达聚盈A债券基000429首期约定年收益率百分6双十一理财特别版,12000,2013-11-12 14:00,成交
巧**桃,（匿名）,易方达聚盈A债券基000429首期约定年收益率百分6双十一理财特别版,50000,2013-11-12 13:30,成交
v**5,（匿名）,易方达聚盈A债券基000429首期约定年收益率百分6双十一理财特别版,2000,2013-11-12 13:26,成交
s**5,（匿名）,易方达聚盈A债券基000429首期约定年收益率百分6双十一理财特别版,1000,2013-11-12 13:44,成交
l**1,（匿名）,易方达聚盈A债券基000429首期约定年收益率百分6双十一理财特别版,1000,2013-11-12 13:26,成交
小**铺,（匿名）,易方达聚盈A债券基000429首期约定年收益率百分6双十一理财特别版,7000,2013-11-12 13:25,成交
x**3,（匿名）,易方达聚盈A债券基000429首期约定年收益率百分6双十一理财特别版,2000,2013-11-12 13:26,成交
纤**刀,（匿名）,易方达聚盈A债券基000429首期约定年收益率百分6双十一理财特别版,15000,2013-11-12 13:38,成交
g**q,（匿名）,易方达聚盈A债券基000429首期约定年收益率百分6双十一理财特别版,10000,2013-11-12 13:25,成交
云**轻,（匿名）,易方达聚盈A债券基000429首期约定年收益率百分6双十一理财特别版,5000,2013-11-12 13:24,成交
t**8,（匿名）,易方达聚盈A债券基000429首期约定年收益率百分6双十一理财特别版,2000,2013-11-12 13:24,成交
品**r,（匿名）,易方达聚盈A债券基000429首期约定年收益率百分6双十一理财特别版,8000,2013-11-12 13:22,成交
t**8,（匿名）,易方达聚盈A债券基000429首期约定年收益率百分6双十一理财特别版,2000,2013-11-12 13:20,成交
c**b,（匿名）,易方达聚盈A债券基000429首期约定年收益率百分6双十一理财特别版,1000,2013-11-12 13:20,成交
栖**孩,（匿名）,易方达聚盈A债券基000429首期约定年收益率百分6双十一理财特别版,5000,2013-11-12 13:20,成交
b**i,（匿名）,易方达聚盈A债券基000429首期约定年收益率百分6双十一理财特别版,2000,2013-11-12 13:19,成交
z**z,（匿名）,易方达聚盈A债券基000429首期约定年收益率百分6双十一理财特别版,20000,2013-11-12 13:19,成交
j**a,（匿名）,易方达聚盈A债券基000429首期约定年收益率百分6双十一理财特别版,5000,2013-11-12 13:21,成交
r**o,（匿名）,易方达聚盈A债券基000429首期约定年收益率百分6双十一理财特别版,5000,2013-11-12 13:19,成交
z**7,（匿名）,易方达聚盈A债券基000429首期约定年收益率百分6双十一理财特别版,1000,2013-11-12 13:17,成交
t**9,（匿名）,易方达聚盈A债券基000429首期约定年收益率百分6双十一理财特别版,10000,2013-11-12 13:16,成交
贺**烨,（匿名）,易方达聚盈A债券基000429首期约定年收益率百分6双十一理财特别版,2000,2013-11-12 13:16,成交
v**u,（匿名）,易方达聚盈A债券基000429首期约定年收益率百分6双十一理财特别版,50000,2013-11-12 13:15,成交
t**8,（匿名）,易方达聚盈A债券基000429首期约定年收益率百分6双十一理财特别版,4000,2013-11-12 13:15,成交
t**9,（匿名）,易方达聚盈A债券基000429首期约定年收益率百分6双十一理财特别版,20000,2013-11-12 13:16,成交
d**u,（匿名）,易方达聚盈A债券基000429首期约定年收益率百分6双十一理财特别版,10000,2013-11-12 13:20,成交
史**7,（匿名）,易方达聚盈A债券基000429首期约定年收益率百分6双十一理财特别版,20000,2013-11-12 13:14,成交
r**8,（匿名）,易方达聚盈A债券基000429首期约定年收益率百分6双十一理财特别版,1000,2013-11-12 13:15,成交
t**0,（匿名）,易方达聚盈A债券基000429首期约定年收益率百分6双十一理财特别版,9000,2013-11-12 13:26,成交
c**1,（匿名）,易方达聚盈A债券基000429首期约定年收益率百分6双十一理财特别版,20000,2013-11-12 13:13,成交
k**i,（匿名）,易方达聚盈A债券基000429首期约定年收益率百分6双十一理财特别版,8000,2013-11-12 13:12,成交
l**1,（匿名）,易方达聚盈A债券基000429首期约定年收益率百分6双十一理财特别版,1000,2013-11-12 13:12,成交
z**j,（匿名）,易方达聚盈A债券基000429首期约定年收益率百分6双十一理财特别版,1000,2013-11-12 13:32,成交
y**1,（匿名）,易方达聚盈A债券基000429首期约定年收益率百分6双十一理财特别版,10000,2013-11-12 13:12,成交
x**n,（匿名）,易方达聚盈A债券基000429首期约定年收益率百分6双十一理财特别版,9000,2013-11-12 13:14,成交
z**j,（匿名）,易方达聚盈A债券基000429首期约定年收益率百分6双十一理财特别版,1000,2013-11-12 13:10,成交
h**y,（匿名）,易方达聚盈A债券基000429首期约定年收益率百分6双十一理财特别版,1000,2013-11-12 13:10,成交
j**a,（匿名）,易方达聚盈A债券基000429首期约定年收益率百分6双十一理财特别版,3000,2013-11-12 13:13,成交
量**棋,（匿名）,易方达聚盈A债券基000429首期约定年收益率百分6双十一理财特别版,9000,2013-11-12 13:16,成交
s**3,（匿名）,易方达聚盈A债券基000429首期约定年收益率百分6双十一理财特别版,10000,2013-11-12 13:08,成交
k**0,（匿名）,易方达聚盈A债券基000429首期约定年收益率百分6双十一理财特别版,40000,2013-11-12 13:07,成交
h**瑾,（匿名）,易方达聚盈A债券基000429首期约定年收益率百分6双十一理财特别版,50000,2013-11-12 13:07,成交
x**1,（匿名）,易方达聚盈A债券基000429首期约定年收益率百分6双十一理财特别版,1000,2013-11-12 13:07,成交
x**j,（匿名）,易方达聚盈A债券基000429首期约定年收益率百分6双十一理财特别版,20000,2013-11-12 13:07,成交
j**6,（匿名）,易方达聚盈A债券基000429首期约定年收益率百分6双十一理财特别版,4000,2013-11-12 13:04,成交
t**3,（匿名）,易方达聚盈A债券基000429首期约定年收益率百分6双十一理财特别版,6000,2013-11-12 13:04,成交
w**k,（匿名）,易方达聚盈A债券基000429首期约定年收益率百分6双十一理财特别版,30000,2013-11-12 13:03,成交
l**4,（匿名）,易方达聚盈A债券基000429首期约定年收益率百分6双十一理财特别版,40000,2013-11-12 13:03,成交
建**地,（匿名）,易方达聚盈A债券基000429首期约定年收益率百分6双十一理财特别版,2000,2013-11-12 13:02,成交
y**f,（匿名）,易方达聚盈A债券基000429首期约定年收益率百分6双十一理财特别版,10000,2013-11-12 13:02,成交
胖**7,（匿名）,易方达聚盈A债券基000429首期约定年收益率百分6双十一理财特别版,5000,2013-11-12 13:02,成交
m**8,（匿名）,易方达聚盈A债券基000429首期约定年收益率百分6双十一理财特别版,20000,2013-11-12 13:02,成交
猫**星,（匿名）,易方达聚盈A债券基000429首期约定年收益率百分6双十一理财特别版,3000,2013-11-12 13:01,成交
j**6,（匿名）,易方达聚盈A债券基000429首期约定年收益率百分6双十一理财特别版,16000,2013-11-12 13:01,成交
大**2,（匿名）,易方达聚盈A债券基000429首期约定年收益率百分6双十一理财特别版,2000,2013-11-12 12:59,成交
黄**雁,（匿名）,易方达聚盈A债券基000429首期约定年收益率百分6双十一理财特别版,8000,2013-11-12 12:59,成交
l**8,（匿名）,易方达聚盈A债券基000429首期约定年收益率百分6双十一理财特别版,1000,2013-11-12 14:02,成交
浙**人,（匿名）,易方达聚盈A债券基000429首期约定年收益率百分6双十一理财特别版,50000,2013-11-12 12:58,成交
m**5,（匿名）,易方达聚盈A债券基000429首期约定年收益率百分6双十一理财特别版,8000,2013-11-12 12:57,成交
j**9,（匿名）,易方达聚盈A债券基000429首期约定年收益率百分6双十一理财特别版,2000,2013-11-12 13:02,成交
w**i,（匿名）,易方达聚盈A债券基000429首期约定年收益率百分6双十一理财特别版,1000,2013-11-12 13:39,成交
m**6,（匿名）,易方达聚盈A债券基000429首期约定年收益率百分6双十一理财特别版,20000,2013-11-12 12:56,成交
大**2,（匿名）,易方达聚盈A债券基000429首期约定年收益率百分6双十一理财特别版,2000,2013-11-12 12:55,成交
z**f,（匿名）,易方达聚盈A债券基000429首期约定年收益率百分6双十一理财特别版,10000,2013-11-12 12:54,成交
x**1,（匿名）,易方达聚盈A债券基000429首期约定年收益率百分6双十一理财特别版,5000,2013-11-12 12:54,成交
c**v,（匿名）,易方达聚盈A债券基000429首期约定年收益率百分6双十一理财特别版,5000,2013-11-12 12:53,成交
艾**7,（匿名）,易方达聚盈A债券基000429首期约定年收益率百分6双十一理财特别版,3000,2013-11-12 12:51,成交
小**妈,（匿名）,易方达聚盈A债券基000429首期约定年收益率百分6双十一理财特别版,3000,2013-11-12 12:50,成交
饿**猪,（匿名）,易方达聚盈A债券基000429首期约定年收益率百分6双十一理财特别版,5000,2013-11-12 13:12,成交
林**0,（匿名）,易方达聚盈A债券基000429首期约定年收益率百分6双十一理财特别版,5000,2013-11-12 12:49,成交
y**6,（匿名）,易方达聚盈A债券基000429首期约定年收益率百分6双十一理财特别版,1000,2013-11-12 12:48,成交
z**0,（匿名）,易方达聚盈A债券基000429首期约定年收益率百分6双十一理财特别版,20000,2013-11-12 12:44,成交
c**v,（匿名）,易方达聚盈A债券基000429首期约定年收益率百分6双十一理财特别版,5000,2013-11-12 12:44,成交
k**g,（匿名）,易方达聚盈A债券基000429首期约定年收益率百分6双十一理财特别版,30000,2013-11-12 12:46,成交
雅**主,（匿名）,易方达聚盈A债券基000429首期约定年收益率百分6双十一理财特别版,15000,2013-11-12 12:43,成交
d**3,（匿名）,易方达聚盈A债券基000429首期约定年收益率百分6双十一理财特别版,2000,2013-11-12 12:41,成交
z**7,（匿名）,易方达聚盈A债券基000429首期约定年收益率百分6双十一理财特别版,8000,2013-11-12 12:39,成交
l**n,（匿名）,易方达聚盈A债券基000429首期约定年收益率百分6双十一理财特别版,5000,2013-11-12 12:38,成交
n**n,（匿名）,易方达聚盈A债券基000429首期约定年收益率百分6双十一理财特别版,5000,2013-11-12 12:38,成交
l**6,（匿名）,易方达聚盈A债券基000429首期约定年收益率百分6双十一理财特别版,1000,2013-11-12 12:37,成交
l**o,（匿名）,易方达聚盈A债券基000429首期约定年收益率百分6双十一理财特别版,2000,2013-11-12 12:35,成交
王**5,（匿名）,易方达聚盈A债券基000429首期约定年收益率百分6双十一理财特别版,1000,2013-11-12 12:34,成交
s**7,（匿名）,易方达聚盈A债券基000429首期约定年收益率百分6双十一理财特别版,5000,2013-11-12 13:30,成交
a**x,（匿名）,易方达聚盈A债券基000429首期约定年收益率百分6双十一理财特别版,3000,2013-11-12 12:35,成交
c**5,（匿名）,易方达聚盈A债券基000429首期约定年收益率百分6双十一理财特别版,20000,2013-11-12 12:35,成交
王**5,（匿名）,易方达聚盈A债券基000429首期约定年收益率百分6双十一理财特别版,1000,2013-11-12 12:33,成交
无**崽,（匿名）,易方达聚盈A债券基000429首期约定年收益率百分6双十一理财特别版,1000,2013-11-12 12:33,成交
a**r,（匿名）,易方达聚盈A债券基000429首期约定年收益率百分6双十一理财特别版,1000,2013-11-12 12:35,成交
f**7,（匿名）,易方达聚盈A债券基000429首期约定年收益率百分6双十一理财特别版,16000,2013-11-12 12:32,成交
王**5,（匿名）,易方达聚盈A债券基000429首期约定年收益率百分6双十一理财特别版,1000,2013-11-12 12:32,成交
阿**拉,（匿名）,易方达聚盈A债券基000429首期约定年收益率百分6双十一理财特别版,10000,2013-11-12 12:41,成交
许**6,（匿名）,易方达聚盈A债券基000429首期约定年收益率百分6双十一理财特别版,1000,2013-11-12 12:30,成交
戚**q,（匿名）,易方达聚盈A债券基000429首期约定年收益率百分6双十一理财特别版,2000,2013-11-12 12:30,成交
纸**3,（匿名）,易方达聚盈A债券基000429首期约定年收益率百分6双十一理财特别版,40000,2013-11-12 12:29,成交
墨**0,（匿名）,易方达聚盈A债券基000429首期约定年收益率百分6双十一理财特别版,19000,2013-11-12 12:30,成交
郁**柳,（匿名）,易方达聚盈A债券基000429首期约定年收益率百分6双十一理财特别版,1000,2013-11-12 12:27,成交
l**o,（匿名）,易方达聚盈A债券基000429首期约定年收益率百分6双十一理财特别版,10000,2013-11-12 12:26,成交
c**2,（匿名）,易方达聚盈A债券基000429首期约定年收益率百分6双十一理财特别版,4000,2013-11-12 12:26,成交
t**3,（匿名）,易方达聚盈A债券基000429首期约定年收益率百分6双十一理财特别版,20000,2013-11-12 12:25,成交
l**3,（匿名）,易方达聚盈A债券基000429首期约定年收益率百分6双十一理财特别版,20000,2013-11-12 12:24,成交
c**h,（匿名）,易方达聚盈A债券基000429首期约定年收益率百分6双十一理财特别版,10000,2013-11-12 12:24,成交
灯**灯,（匿名）,易方达聚盈A债券基000429首期约定年收益率百分6双十一理财特别版,5000,2013-11-12 12:24,成交
w**k,（匿名）,易方达聚盈A债券基000429首期约定年收益率百分6双十一理财特别版,5000,2013-11-12 13:04,成交
w**r,（匿名）,易方达聚盈A债券基000429首期约定年收益率百分6双十一理财特别版,1000,2013-11-12 12:21,成交
q**4,（匿名）,易方达聚盈A债券基000429首期约定年收益率百分6双十一理财特别版,1000,2013-11-12 12:21,成交
享**爱,（匿名）,易方达聚盈A债券基000429首期约定年收益率百分6双十一理财特别版,5000,2013-11-12 12:52,成交
a**6,（匿名）,易方达聚盈A债券基000429首期约定年收益率百分6双十一理财特别版,10000,2013-11-12 12:19,成交
z**0,（匿名）,易方达聚盈A债券基000429首期约定年收益率百分6双十一理财特别版,20000,2013-11-12 12:19,成交
凌**君,（匿名）,易方达聚盈A债券基000429首期约定年收益率百分6双十一理财特别版,8000,2013-11-12 12:19,成交
z**2,（匿名）,易方达聚盈A债券基000429首期约定年收益率百分6双十一理财特别版,10000,2013-11-12 12:17,成交
d**7,（匿名）,易方达聚盈A债券基000429首期约定年收益率百分6双十一理财特别版,2000,2013-11-12 12:19,成交
马**琛,（匿名）,易方达聚盈A债券基000429首期约定年收益率百分6双十一理财特别版,1000,2013-11-12 12:15,成交
l**j,（匿名）,易方达聚盈A债券基000429首期约定年收益率百分6双十一理财特别版,20000,2013-11-12 12:22,成交
冰**儿,（匿名）,易方达聚盈A债券基000429首期约定年收益率百分6双十一理财特别版,5000,2013-11-12 12:16,成交
s**5,（匿名）,易方达聚盈A债券基000429首期约定年收益率百分6双十一理财特别版,1000,2013-11-12 12:15,成交
d**1,（匿名）,易方达聚盈A债券基000429首期约定年收益率百分6双十一理财特别版,1000,2013-11-12 12:14,成交
f**e,（匿名）,易方达聚盈A债券基000429首期约定年收益率百分6双十一理财特别版,8000,2013-11-12 12:13,成交
c**2,（匿名）,易方达聚盈A债券基000429首期约定年收益率百分6双十一理财特别版,1000,2013-11-12 12:13,成交
z**j,（匿名）,易方达聚盈A债券基000429首期约定年收益率百分6双十一理财特别版,1000,2013-11-12 12:12,成交
l**0,（匿名）,易方达聚盈A债券基000429首期约定年收益率百分6双十一理财特别版,40000,2013-11-12 12:21,成交
m**6,（匿名）,易方达聚盈A债券基000429首期约定年收益率百分6双十一理财特别版,5000,2013-11-12 12:07,成交
飞**草,（匿名）,易方达聚盈A债券基000429首期约定年收益率百分6双十一理财特别版,1000,2013-11-12 12:07,成交
h**9,（匿名）,易方达聚盈A债券基000429首期约定年收益率百分6双十一理财特别版,2000,2013-11-12 12:04,成交
舟**店,（匿名）,易方达聚盈A债券基000429首期约定年收益率百分6双十一理财特别版,1000,2013-11-12 12:03,成交
马**琛,（匿名）,易方达聚盈A债券基000429首期约定年收益率百分6双十一理财特别版,1000,2013-11-12 12:15,成交
贪**5,（匿名）,易方达聚盈A债券基000429首期约定年收益率百分6双十一理财特别版,1000,2013-11-12 11:56,成交
s**8,（匿名）,易方达聚盈A债券基000429首期约定年收益率百分6双十一理财特别版,20000,2013-11-12 11:55,成交
柳**6,（匿名）,易方达聚盈A债券基000429首期约定年收益率百分6双十一理财特别版,5000,2013-11-12 11:55,成交
w**8,（匿名）,易方达聚盈A债券基000429首期约定年收益率百分6双十一理财特别版,5000,2013-11-12 11:56,成交
x**g,（匿名）,易方达聚盈A债券基000429首期约定年收益率百分6双十一理财特别版,3000,2013-11-12 11:53,成交
z**o,（匿名）,易方达聚盈A债券基000429首期约定年收益率百分6双十一理财特别版,8000,2013-11-12 11:53,成交
d**8,（匿名）,易方达聚盈A债券基000429首期约定年收益率百分6双十一理财特别版,10000,2013-11-12 11:59,成交
z**x,（匿名）,易方达聚盈A债券基000429首期约定年收益率百分6双十一理财特别版,50000,2013-11-12 12:01,成交
s**3,（匿名）,易方达聚盈A债券基000429首期约定年收益率百分6双十一理财特别版,10000,2013-11-12 12:50,成交
s**8,（匿名）,易方达聚盈A债券基000429首期约定年收益率百分6双十一理财特别版,30000,2013-11-12 11:51,成交
华**华,（匿名）,易方达聚盈A债券基000429首期约定年收益率百分6双十一理财特别版,1000,2013-11-12 11:50,成交
w**0,（匿名）,易方达聚盈A债券基000429首期约定年收益率百分6双十一理财特别版,1000,2013-11-12 11:57,成交
q**q,（匿名）,易方达聚盈A债券基000429首期约定年收益率百分6双十一理财特别版,1000,2013-11-12 11:47,成交
p**k,（匿名）,易方达聚盈A债券基000429首期约定年收益率百分6双十一理财特别版,48000,2013-11-12 11:45,成交
d**8,（匿名）,易方达聚盈A债券基000429首期约定年收益率百分6双十一理财特别版,1000,2013-11-12 11:44,成交
p**7,（匿名）,易方达聚盈A债券基000429首期约定年收益率百分6双十一理财特别版,1000,2013-11-12 11:42,成交
k**2,（匿名）,易方达聚盈A债券基000429首期约定年收益率百分6双十一理财特别版,23000,2013-11-12 11:44,成交
爱**_,（匿名）,易方达聚盈A债券基000429首期约定年收益率百分6双十一理财特别版,2000,2013-11-12 11:40,成交
胖**美,（匿名）,易方达聚盈A债券基000429首期约定年收益率百分6双十一理财特别版,1000,2013-11-12 11:40,成交
a**o,（匿名）,易方达聚盈A债券基000429首期约定年收益率百分6双十一理财特别版,4000,2013-11-12 11:37,成交
豆**1,（匿名）,易方达聚盈A债券基000429首期约定年收益率百分6双十一理财特别版,1000,2013-11-12 11:37,成交
a**7,（匿名）,易方达聚盈A债券基000429首期约定年收益率百分6双十一理财特别版,9000,2013-11-12 11:37,成交
g**0,（匿名）,易方达聚盈A债券基000429首期约定年收益率百分6双十一理财特别版,50000,2013-11-12 12:07,成交
的**8,（匿名）,易方达聚盈A债券基000429首期约定年收益率百分6双十一理财特别版,10000,2013-11-12 11:34,成交
x**8,（匿名）,易方达聚盈A债券基000429首期约定年收益率百分6双十一理财特别版,11000,2013-11-12 11:33,成交
z**m,（匿名）,易方达聚盈A债券基000429首期约定年收益率百分6双十一理财特别版,6000,2013-11-12 11:41,成交
y**4,（匿名）,易方达聚盈A债券基000429首期约定年收益率百分6双十一理财特别版,1000,2013-11-12 14:12,成交
y**u,（匿名）,易方达聚盈A债券基000429首期约定年收益率百分6双十一理财特别版,50000,2013-11-12 13:03,成交
怡**怡,（匿名）,易方达聚盈A债券基000429首期约定年收益率百分6双十一理财特别版,10000,2013-11-12 11:34,成交
春**国,（匿名）,易方达聚盈A债券基000429首期约定年收益率百分6双十一理财特别版,1000,2013-11-12 11:32,成交
1**t,（匿名）,易方达聚盈A债券基000429首期约定年收益率百分6双十一理财特别版,2000,2013-11-12 11:31,成交
徐**山,（匿名）,易方达聚盈A债券基000429首期约定年收益率百分6双十一理财特别版,10000,2013-11-12 11:59,成交
浣**洗,（匿名）,易方达聚盈A债券基000429首期约定年收益率百分6双十一理财特别版,5000,2013-11-12 11:31,成交
w**玲,（匿名）,易方达聚盈A债券基000429首期约定年收益率百分6双十一理财特别版,3000,2013-11-12 11:33,成交
悠**6,（匿名）,易方达聚盈A债券基000429首期约定年收益率百分6双十一理财特别版,1000,2013-11-12 11:33,成交
大**1,（匿名）,易方达聚盈A债券基000429首期约定年收益率百分6双十一理财特别版,2000,2013-11-12 11:31,成交
z**7,（匿名）,易方达聚盈A债券基000429首期约定年收益率百分6双十一理财特别版,3000,2013-11-12 11:31,成交
v**5,（匿名）,易方达聚盈A债券基000429首期约定年收益率百分6双十一理财特别版,1000,2013-11-12 11:39,成交
青**茶,（匿名）,易方达聚盈A债券基000429首期约定年收益率百分6双十一理财特别版,30000,2013-11-12 11:28,成交
s**n,（匿名）,易方达聚盈A债券基000429首期约定年收益率百分6双十一理财特别版,20000,2013-11-12 13:09,成交
h**9,（匿名）,易方达聚盈A债券基000429首期约定年收益率百分6双十一理财特别版,10000,2013-11-12 13:54,成交
f**1,（匿名）,易方达聚盈A债券基000429首期约定年收益率百分6双十一理财特别版,10000,2013-11-12 11:46,成交
h**1,（匿名）,易方达聚盈A债券基000429首期约定年收益率百分6双十一理财特别版,7000,2013-11-12 11:26,成交
w**玲,（匿名）,易方达聚盈A债券基000429首期约定年收益率百分6双十一理财特别版,1000,2013-11-12 11:27,成交
w**x,（匿名）,易方达聚盈A债券基000429首期约定年收益率百分6双十一理财特别版,1000,2013-11-12 11:24,成交
m**u,（匿名）,易方达聚盈A债券基000429首期约定年收益率百分6双十一理财特别版,20000,2013-11-12 11:25,成交
柳**0,（匿名）,易方达聚盈A债券基000429首期约定年收益率百分6双十一理财特别版,10000,2013-11-12 11:26,成交
m**5,（匿名）,易方达聚盈A债券基000429首期约定年收益率百分6双十一理财特别版,3000,2013-11-12 11:23,成交
c**m,（匿名）,易方达聚盈A债券基000429首期约定年收益率百分6双十一理财特别版,10000,2013-11-12 11:23,成交
l**8,（匿名）,易方达聚盈A债券基000429首期约定年收益率百分6双十一理财特别版,1000,2013-11-12 11:22,成交
b**n,（匿名）,易方达聚盈A债券基000429首期约定年收益率百分6双十一理财特别版,10000,2013-11-12 11:20,成交
与**下,（匿名）,易方达聚盈A债券基000429首期约定年收益率百分6双十一理财特别版,20000,2013-11-12 11:20,成交
a**7,（匿名）,易方达聚盈A债券基000429首期约定年收益率百分6双十一理财特别版,1000,2013-11-12 11:19,成交
y**n,（匿名）,易方达聚盈A债券基000429首期约定年收益率百分6双十一理财特别版,1000,2013-11-12 12:56,成交
l**i,（匿名）,易方达聚盈A债券基000429首期约定年收益率百分6双十一理财特别版,10000,2013-11-12 12:21,成交
捌**子,（匿名）,易方达聚盈A债券基000429首期约定年收益率百分6双十一理财特别版,5000,2013-11-12 11:30,成交
p**8,（匿名）,易方达聚盈A债券基000429首期约定年收益率百分6双十一理财特别版,10000,2013-11-12 11:17,成交
n**0,（匿名）,易方达聚盈A债券基000429首期约定年收益率百分6双十一理财特别版,5000,2013-11-12 11:14,成交
g**u,（匿名）,易方达聚盈A债券基000429首期约定年收益率百分6双十一理财特别版,8000,2013-11-12 11:11,成交
凝**9,（匿名）,易方达聚盈A债券基000429首期约定年收益率百分6双十一理财特别版,1000,2013-11-12 11:16,成交
y**6,（匿名）,易方达聚盈A债券基000429首期约定年收益率百分6双十一理财特别版,5000,2013-11-12 11:47,成交
白**男,（匿名）,易方达聚盈A债券基000429首期约定年收益率百分6双十一理财特别版,40000,2013-11-12 11:09,成交
z**s,（匿名）,易方达聚盈A债券基000429首期约定年收益率百分6双十一理财特别版,1000,2013-11-12 11:16,成交
l**3,（匿名）,易方达聚盈A债券基000429首期约定年收益率百分6双十一理财特别版,3000,2013-11-12 11:08,成交
t**1,（匿名）,易方达聚盈A债券基000429首期约定年收益率百分6双十一理财特别版,5000,2013-11-12 11:08,成交
z**j,（匿名）,易方达聚盈A债券基000429首期约定年收益率百分6双十一理财特别版,1000,2013-11-12 11:28,成交
y**o,（匿名）,易方达聚盈A债券基000429首期约定年收益率百分6双十一理财特别版,1000,2013-11-12 11:07,成交
素**啡,（匿名）,易方达聚盈A债券基000429首期约定年收益率百分6双十一理财特别版,20000,2013-11-12 11:07,成交
c**l,（匿名）,易方达聚盈A债券基000429首期约定年收益率百分6双十一理财特别版,2000,2013-11-12 11:07,成交
w**n,（匿名）,易方达聚盈A债券基000429首期约定年收益率百分6双十一理财特别版,1000,2013-11-12 11:06,成交
g**6,（匿名）,易方达聚盈A债券基000429首期约定年收益率百分6双十一理财特别版,5000,2013-11-12 11:07,成交
屋**阳,（匿名）,易方达聚盈A债券基000429首期约定年收益率百分6双十一理财特别版,10000,2013-11-12 11:04,成交
y**c,（匿名）,易方达聚盈A债券基000429首期约定年收益率百分6双十一理财特别版,10000,2013-11-12 12:02,成交
a**a,（匿名）,易方达聚盈A债券基000429首期约定年收益率百分6双十一理财特别版,1000,2013-11-12 11:04,成交
演**李,（匿名）,易方达聚盈A债券基000429首期约定年收益率百分6双十一理财特别版,10000,2013-11-12 11:03,成交
z**j,（匿名）,易方达聚盈A债券基000429首期约定年收益率百分6双十一理财特别版,1000,2013-11-12 11:01,成交
s**m,（匿名）,易方达聚盈A债券基000429首期约定年收益率百分6双十一理财特别版,30000,2013-11-12 11:00,成交
z**j,（匿名）,易方达聚盈A债券基000429首期约定年收益率百分6双十一理财特别版,1000,2013-11-12 11:00,成交
双**4,（匿名）,易方达聚盈A债券基000429首期约定年收益率百分6双十一理财特别版,1000,2013-11-12 11:00,成交
z**d,（匿名）,易方达聚盈A债券基000429首期约定年收益率百分6双十一理财特别版,25000,2013-11-12 10:59,成交
j**2,（匿名）,易方达聚盈A债券基000429首期约定年收益率百分6双十一理财特别版,10000,2013-11-12 10:59,成交
黄**雁,（匿名）,易方达聚盈A债券基000429首期约定年收益率百分6双十一理财特别版,10000,2013-11-12 10:58,成交
利**芬,（匿名）,易方达聚盈A债券基000429首期约定年收益率百分6双十一理财特别版,2000,2013-11-12 11:02,成交
k**8,（匿名）,易方达聚盈A债券基000429首期约定年收益率百分6双十一理财特别版,3000,2013-11-12 11:16,成交
y**1,（匿名）,易方达聚盈A债券基000429首期约定年收益率百分6双十一理财特别版,2000,2013-11-12 10:57,成交
w**g,（匿名）,易方达聚盈A债券基000429首期约定年收益率百分6双十一理财特别版,3000,2013-11-12 10:54,成交
s**7,（匿名）,易方达聚盈A债券基000429首期约定年收益率百分6双十一理财特别版,20000,2013-11-12 11:05,成交
i**n,（匿名）,易方达聚盈A债券基000429首期约定年收益率百分6双十一理财特别版,50000,2013-11-12 11:56,成交
大**8,（匿名）,易方达聚盈A债券基000429首期约定年收益率百分6双十一理财特别版,3000,2013-11-12 10:53,成交
s**s,（匿名）,易方达聚盈A债券基000429首期约定年收益率百分6双十一理财特别版,30000,2013-11-12 10:55,成交
小**x,（匿名）,易方达聚盈A债券基000429首期约定年收益率百分6双十一理财特别版,5000,2013-11-12 11:57,成交
白**1,（匿名）,易方达聚盈A债券基000429首期约定年收益率百分6双十一理财特别版,5000,2013-11-12 10:52,成交
c**5,（匿名）,易方达聚盈A债券基000429首期约定年收益率百分6双十一理财特别版,1000,2013-11-12 10:53,成交
t**i,（匿名）,易方达聚盈A债券基000429首期约定年收益率百分6双十一理财特别版,20000,2013-11-12 10:50,成交
l**3,（匿名）,易方达聚盈A债券基000429首期约定年收益率百分6双十一理财特别版,1000,2013-11-12 10:51,成交
宫**鲁,（匿名）,易方达聚盈A债券基000429首期约定年收益率百分6双十一理财特别版,5000,2013-11-12 10:50,成交
个**馆,（匿名）,易方达聚盈A债券基000429首期约定年收益率百分6双十一理财特别版,10000,2013-11-12 10:48,成交
m**w,（匿名）,易方达聚盈A债券基000429首期约定年收益率百分6双十一理财特别版,20000,2013-11-12 10:48,成交
薄**8,（匿名）,易方达聚盈A债券基000429首期约定年收益率百分6双十一理财特别版,2000,2013-11-12 10:48,成交
刘**5,（匿名）,易方达聚盈A债券基000429首期约定年收益率百分6双十一理财特别版,1000,2013-11-12 11:22,成交
y**x,（匿名）,易方达聚盈A债券基000429首期约定年收益率百分6双十一理财特别版,1000,2013-11-12 10:48,成交
y**l,（匿名）,易方达聚盈A债券基000429首期约定年收益率百分6双十一理财特别版,5000,2013-11-12 10:46,成交
草**怜,（匿名）,易方达聚盈A债券基000429首期约定年收益率百分6双十一理财特别版,3000,2013-11-12 10:46,成交
h**0,（匿名）,易方达聚盈A债券基000429首期约定年收益率百分6双十一理财特别版,1000,2013-11-12 10:47,成交
g**5,（匿名）,易方达聚盈A债券基000429首期约定年收益率百分6双十一理财特别版,15000,2013-11-12 14:02,成交
w**玲,（匿名）,易方达聚盈A债券基000429首期约定年收益率百分6双十一理财特别版,1000,2013-11-12 12:14,成交
y**x,（匿名）,易方达聚盈A债券基000429首期约定年收益率百分6双十一理财特别版,1000,2013-11-12 10:45,成交
z**j,（匿名）,易方达聚盈A债券基000429首期约定年收益率百分6双十一理财特别版,1000,2013-11-12 10:57,成交
个**馆,（匿名）,易方达聚盈A债券基000429首期约定年收益率百分6双十一理财特别版,10000,2013-11-12 10:44,成交
晴**n,（匿名）,易方达聚盈A债券基000429首期约定年收益率百分6双十一理财特别版,5000,2013-11-12 10:43,成交
t**n,（匿名）,易方达聚盈A债券基000429首期约定年收益率百分6双十一理财特别版,50000,2013-11-12 11:49,成交
花**猫,（匿名）,易方达聚盈A债券基000429首期约定年收益率百分6双十一理财特别版,1000,2013-11-12 10:45,成交
s**帅,（匿名）,易方达聚盈A债券基000429首期约定年收益率百分6双十一理财特别版,1000,2013-11-12 10:43,成交
y**0,（匿名）,易方达聚盈A债券基000429首期约定年收益率百分6双十一理财特别版,1000,2013-11-12 10:43,成交
c**j,（匿名）,易方达聚盈A债券基000429首期约定年收益率百分6双十一理财特别版,20000,2013-11-12 10:42,成交
宫**鲁,（匿名）,易方达聚盈A债券基000429首期约定年收益率百分6双十一理财特别版,5000,2013-11-12 10:46,成交
z**0,（匿名）,易方达聚盈A债券基000429首期约定年收益率百分6双十一理财特别版,3000,2013-11-12 10:53,成交
影**光,（匿名）,易方达聚盈A债券基000429首期约定年收益率百分6双十一理财特别版,1000,2013-11-12 10:42,成交
l**8,（匿名）,易方达聚盈A债券基000429首期约定年收益率百分6双十一理财特别版,2000,2013-11-12 11:19,成交
6**y,（匿名）,易方达聚盈A债券基000429首期约定年收益率百分6双十一理财特别版,2000,2013-11-12 10:39,成交
x**5,（匿名）,易方达聚盈A债券基000429首期约定年收益率百分6双十一理财特别版,10000,2013-11-12 10:39,成交
l**u,（匿名）,易方达聚盈A债券基000429首期约定年收益率百分6双十一理财特别版,2000,2013-11-12 11:36,成交
h**5,（匿名）,易方达聚盈A债券基000429首期约定年收益率百分6双十一理财特别版,1000,2013-11-12 10:38,成交
趣**女,（匿名）,易方达聚盈A债券基000429首期约定年收益率百分6双十一理财特别版,1000,2013-11-12 10:37,成交
x**i,（匿名）,易方达聚盈A债券基000429首期约定年收益率百分6双十一理财特别版,10000,2013-11-12 10:36,成交
杨**6,（匿名）,易方达聚盈A债券基000429首期约定年收益率百分6双十一理财特别版,20000,2013-11-12 11:19,成交
w**8,（匿名）,易方达聚盈A债券基000429首期约定年收益率百分6双十一理财特别版,1000,2013-11-12 10:34,成交
1**雨,（匿名）,易方达聚盈A债券基000429首期约定年收益率百分6双十一理财特别版,16000,2013-11-12 10:35,成交
鲁**8,（匿名）,易方达聚盈A债券基000429首期约定年收益率百分6双十一理财特别版,1000,2013-11-12 10:33,成交
夜**罗,（匿名）,易方达聚盈A债券基000429首期约定年收益率百分6双十一理财特别版,2000,2013-11-12 10:32,成交
h**5,（匿名）,易方达聚盈A债券基000429首期约定年收益率百分6双十一理财特别版,20000,2013-11-12 10:34,成交
p**a,（匿名）,易方达聚盈A债券基000429首期约定年收益率百分6双十一理财特别版,1000,2013-11-12 10:32,成交
t**5,（匿名）,易方达聚盈A债券基000429首期约定年收益率百分6双十一理财特别版,2000,2013-11-12 10:30,成交
x**5,（匿名）,易方达聚盈A债券基000429首期约定年收益率百分6双十一理财特别版,5000,2013-11-12 10:29,成交
大**阳,（匿名）,易方达聚盈A债券基000429首期约定年收益率百分6双十一理财特别版,20000,2013-11-12 11:45,成交
1**雨,（匿名）,易方达聚盈A债券基000429首期约定年收益率百分6双十一理财特别版,2000,2013-11-12 10:27,成交
w**5,（匿名）,易方达聚盈A债券基000429首期约定年收益率百分6双十一理财特别版,1000,2013-11-12 10:26,成交
x**2,（匿名）,易方达聚盈A债券基000429首期约定年收益率百分6双十一理财特别版,16000,2013-11-12 10:26,成交
h**6,（匿名）,易方达聚盈A债券基000429首期约定年收益率百分6双十一理财特别版,12000,2013-11-12 10:24,成交
t**1,（匿名）,易方达聚盈A债券基000429首期约定年收益率百分6双十一理财特别版,19000,2013-11-12 10:23,成交
c**3,（匿名）,易方达聚盈A债券基000429首期约定年收益率百分6双十一理财特别版,9000,2013-11-12 10:22,成交
1**雨,（匿名）,易方达聚盈A债券基000429首期约定年收益率百分6双十一理财特别版,2000,2013-11-12 10:23,成交
r**7,（匿名）,易方达聚盈A债券基000429首期约定年收益率百分6双十一理财特别版,20000,2013-11-12 10:23,成交
叶**汝,（匿名）,易方达聚盈A债券基000429首期约定年收益率百分6双十一理财特别版,3000,2013-11-12 10:20,成交
z**n,（匿名）,易方达聚盈A债券基000429首期约定年收益率百分6双十一理财特别版,1000,2013-11-12 10:18,成交
s**m,（匿名）,易方达聚盈A债券基000429首期约定年收益率百分6双十一理财特别版,2000,2013-11-12 10:18,成交
h**9,（匿名）,易方达聚盈A债券基000429首期约定年收益率百分6双十一理财特别版,20000,2013-11-12 10:30,成交
q**p,（匿名）,易方达聚盈A债券基000429首期约定年收益率百分6双十一理财特别版,5000,2013-11-12 10:16,成交
z**g,（匿名）,易方达聚盈A债券基000429首期约定年收益率百分6双十一理财特别版,15000,2013-11-12 10:16,成交
香**6,（匿名）,易方达聚盈A债券基000429首期约定年收益率百分6双十一理财特别版,5000,2013-11-12 10:14,成交
鸿**阳,（匿名）,易方达聚盈A债券基000429首期约定年收益率百分6双十一理财特别版,2000,2013-11-12 10:15,成交
h**9,（匿名）,易方达聚盈A债券基000429首期约定年收益率百分6双十一理财特别版,3000,2013-11-12 10:32,成交
z**z,（匿名）,易方达聚盈A债券基000429首期约定年收益率百分6双十一理财特别版,10000,2013-11-12 10:13,成交
n**8,（匿名）,易方达聚盈A债券基000429首期约定年收益率百分6双十一理财特别版,6000,2013-11-12 10:19,成交
s**1,（匿名）,易方达聚盈A债券基000429首期约定年收益率百分6双十一理财特别版,2000,2013-11-12 10:11,成交
d**q,（匿名）,易方达聚盈A债券基000429首期约定年收益率百分6双十一理财特别版,1000,2013-11-12 10:09,成交
x**8,（匿名）,易方达聚盈A债券基000429首期约定年收益率百分6双十一理财特别版,30000,2013-11-12 10:05,成交
f**8,（匿名）,易方达聚盈A债券基000429首期约定年收益率百分6双十一理财特别版,1000,2013-11-12 10:04,成交
a**4,（匿名）,易方达聚盈A债券基000429首期约定年收益率百分6双十一理财特别版,50000,2013-11-12 10:28,成交
y**1,（匿名）,易方达聚盈A债券基000429首期约定年收益率百分6双十一理财特别版,5000,2013-11-12 10:03,成交
s**_,（匿名）,易方达聚盈A债券基000429首期约定年收益率百分6双十一理财特别版,5000,2013-11-12 10:03,成交
c**子,（匿名）,易方达聚盈A债券基000429首期约定年收益率百分6双十一理财特别版,18000,2013-11-12 10:03,成交
d**色,（匿名）,易方达聚盈A债券基000429首期约定年收益率百分6双十一理财特别版,10000,2013-11-12 10:06,成交
云**轻,（匿名）,易方达聚盈A债券基000429首期约定年收益率百分6双十一理财特别版,20000,2013-11-12 10:02,成交
g**g,（匿名）,易方达聚盈A债券基000429首期约定年收益率百分6双十一理财特别版,1000,2013-11-12 10:01,成交
f**c,（匿名）,易方达聚盈A债券基000429首期约定年收益率百分6双十一理财特别版,10000,2013-11-12 10:15,成交
z**1,（匿名）,易方达聚盈A债券基000429首期约定年收益率百分6双十一理财特别版,1000,2013-11-12 9:58,成交
h**0,（匿名）,易方达聚盈A债券基000429首期约定年收益率百分6双十一理财特别版,1000,2013-11-12 10:05,成交
法**部,（匿名）,易方达聚盈A债券基000429首期约定年收益率百分6双十一理财特别版,4000,2013-11-12 9:57,成交
a**t,（匿名）,易方达聚盈A债券基000429首期约定年收益率百分6双十一理财特别版,50000,2013-11-12 9:58,成交
贾**雪,（匿名）,易方达聚盈A债券基000429首期约定年收益率百分6双十一理财特别版,1000,2013-11-12 9:56,成交
目**员,（匿名）,易方达聚盈A债券基000429首期约定年收益率百分6双十一理财特别版,10000,2013-11-12 9:56,成交
玉**君,（匿名）,易方达聚盈A债券基000429首期约定年收益率百分6双十一理财特别版,1000,2013-11-12 9:56,成交
g**8,（匿名）,易方达聚盈A债券基000429首期约定年收益率百分6双十一理财特别版,1000,2013-11-12 9:55,成交
l**1,（匿名）,易方达聚盈A债券基000429首期约定年收益率百分6双十一理财特别版,7000,2013-11-12 9:53,成交
m**2,（匿名）,易方达聚盈A债券基000429首期约定年收益率百分6双十一理财特别版,2000,2013-11-12 9:52,成交
c**d,（匿名）,易方达聚盈A债券基000429首期约定年收益率百分6双十一理财特别版,5000,2013-11-12 9:52,成交
杨**3,（匿名）,易方达聚盈A债券基000429首期约定年收益率百分6双十一理财特别版,10000,2013-11-12 9:53,成交
x**h,（匿名）,易方达聚盈A债券基000429首期约定年收益率百分6双十一理财特别版,25000,2013-11-12 9:51,成交
t**8,（匿名）,易方达聚盈A债券基000429首期约定年收益率百分6双十一理财特别版,1000,2013-11-12 10:06,成交
y**1,（匿名）,易方达聚盈A债券基000429首期约定年收益率百分6双十一理财特别版,4000,2013-11-12 9:49,成交
m**6,（匿名）,易方达聚盈A债券基000429首期约定年收益率百分6双十一理财特别版,2000,2013-11-12 9:43,成交
加**草,（匿名）,易方达聚盈A债券基000429首期约定年收益率百分6双十一理财特别版,20000,2013-11-12 9:43,成交
冰**烛,（匿名）,易方达聚盈A债券基000429首期约定年收益率百分6双十一理财特别版,2000,2013-11-12 13:35,成交
l**2,（匿名）,易方达聚盈A债券基000429首期约定年收益率百分6双十一理财特别版,10000,2013-11-12 9:41,成交
c**7,（匿名）,易方达聚盈A债券基000429首期约定年收益率百分6双十一理财特别版,1000,2013-11-12 9:41,成交
左**塔,（匿名）,易方达聚盈A债券基000429首期约定年收益率百分6双十一理财特别版,1000,2013-11-12 9:39,成交
z**h,（匿名）,易方达聚盈A债券基000429首期约定年收益率百分6双十一理财特别版,5000,2013-11-12 9:38,成交
学**吧,（匿名）,易方达聚盈A债券基000429首期约定年收益率百分6双十一理财特别版,50000,2013-11-12 9:46,成交
s**c,（匿名）,易方达聚盈A债券基000429首期约定年收益率百分6双十一理财特别版,5000,2013-11-12 9:37,成交
如**8,（匿名）,易方达聚盈A债券基000429首期约定年收益率百分6双十一理财特别版,14000,2013-11-12 9:37,成交
q**g,（匿名）,易方达聚盈A债券基000429首期约定年收益率百分6双十一理财特别版,50000,2013-11-12 9:55,成交
c**d,（匿名）,易方达聚盈A债券基000429首期约定年收益率百分6双十一理财特别版,5000,2013-11-12 9:38,成交
x**0,（匿名）,易方达聚盈A债券基000429首期约定年收益率百分6双十一理财特别版,5000,2013-11-12 9:34,成交
z**8,（匿名）,易方达聚盈A债券基000429首期约定年收益率百分6双十一理财特别版,20000,2013-11-12 9:34,成交
梅**8,（匿名）,易方达聚盈A债券基000429首期约定年收益率百分6双十一理财特别版,50000,2013-11-12 9:45,成交
j**0,（匿名）,易方达聚盈A债券基000429首期约定年收益率百分6双十一理财特别版,30000,2013-11-12 9:31,成交
清**扬,（匿名）,易方达聚盈A债券基000429首期约定年收益率百分6双十一理财特别版,6000,2013-11-12 9:30,成交
s**d,（匿名）,易方达聚盈A债券基000429首期约定年收益率百分6双十一理财特别版,5000,2013-11-12 9:29,成交
z**8,（匿名）,易方达聚盈A债券基000429首期约定年收益率百分6双十一理财特别版,5000,2013-11-12 9:29,成交
r**6,（匿名）,易方达聚盈A债券基000429首期约定年收益率百分6双十一理财特别版,1000,2013-11-12 9:29,成交
a**9,（匿名）,易方达聚盈A债券基000429首期约定年收益率百分6双十一理财特别版,3000,2013-11-12 9:28,成交
b**a,（匿名）,易方达聚盈A债券基000429首期约定年收益率百分6双十一理财特别版,12000,2013-11-12 9:28,成交
m**6,（匿名）,易方达聚盈A债券基000429首期约定年收益率百分6双十一理财特别版,2000,2013-11-12 9:28,成交
巨**人,（匿名）,易方达聚盈A债券基000429首期约定年收益率百分6双十一理财特别版,5000,2013-11-12 9:23,成交
蓝**2,（匿名）,易方达聚盈A债券基000429首期约定年收益率百分6双十一理财特别版,8000,2013-11-12 9:23,成交
b**8,（匿名）,易方达聚盈A债券基000429首期约定年收益率百分6双十一理财特别版,2000,2013-11-12 9:22,成交
s**8,（匿名）,易方达聚盈A债券基000429首期约定年收益率百分6双十一理财特别版,5000,2013-11-12 9:19,成交
c**m,（匿名）,易方达聚盈A债券基000429首期约定年收益率百分6双十一理财特别版,50000,2013-11-12 9:30,成交
见**j,（匿名）,易方达聚盈A债券基000429首期约定年收益率百分6双十一理财特别版,7000,2013-11-12 9:18,成交
左**塔,（匿名）,易方达聚盈A债券基000429首期约定年收益率百分6双十一理财特别版,2000,2013-11-12 9:15,成交
t**e,（匿名）,易方达聚盈A债券基000429首期约定年收益率百分6双十一理财特别版,35000,2013-11-12 9:21,成交
b**l,（匿名）,易方达聚盈A债券基000429首期约定年收益率百分6双十一理财特别版,10000,2013-11-12 9:14,成交
梦**3,（匿名）,易方达聚盈A债券基000429首期约定年收益率百分6双十一理财特别版,1000,2013-11-12 9:14,成交
i**t,（匿名）,易方达聚盈A债券基000429首期约定年收益率百分6双十一理财特别版,4000,2013-11-12 9:13,成交
m**1,（匿名）,易方达聚盈A债券基000429首期约定年收益率百分6双十一理财特别版,4000,2013-11-12 9:13,成交
细**物,（匿名）,易方达聚盈A债券基000429首期约定年收益率百分6双十一理财特别版,20000,2013-11-12 9:13,成交
x**7,（匿名）,易方达聚盈A债券基000429首期约定年收益率百分6双十一理财特别版,1000,2013-11-12 9:12,成交
d**4,（匿名）,易方达聚盈A债券基000429首期约定年收益率百分6双十一理财特别版,1000,2013-11-12 9:11,成交
z**8,（匿名）,易方达聚盈A债券基000429首期约定年收益率百分6双十一理财特别版,5000,2013-11-12 9:10,成交
y**1,（匿名）,易方达聚盈A债券基000429首期约定年收益率百分6双十一理财特别版,1000,2013-11-12 9:10,成交
y**8,（匿名）,易方达聚盈A债券基000429首期约定年收益率百分6双十一理财特别版,1000,2013-11-12 9:10,成交
张**6,（匿名）,易方达聚盈A债券基000429首期约定年收益率百分6双十一理财特别版,5000,2013-11-12 12:20,成交
f**3,（匿名）,易方达聚盈A债券基000429首期约定年收益率百分6双十一理财特别版,50000,2013-11-12 10:22,成交
f**n,（匿名）,易方达聚盈A债券基000429首期约定年收益率百分6双十一理财特别版,2000,2013-11-12 9:05,成交
帅**看,（匿名）,易方达聚盈A债券基000429首期约定年收益率百分6双十一理财特别版,50000,2013-11-12 9:06,成交
落**g,（匿名）,易方达聚盈A债券基000429首期约定年收益率百分6双十一理财特别版,10000,2013-11-12 9:03,成交
带**t,（匿名）,易方达聚盈A债券基000429首期约定年收益率百分6双十一理财特别版,20000,2013-11-12 9:21,成交
t**9,（匿名）,易方达聚盈A债券基000429首期约定年收益率百分6双十一理财特别版,10000,2013-11-12 9:00,成交
s**1,（匿名）,易方达聚盈A债券基000429首期约定年收益率百分6双十一理财特别版,4000,2013-11-12 8:57,成交
大**曾,（匿名）,易方达聚盈A债券基000429首期约定年收益率百分6双十一理财特别版,10000,2013-11-12 8:57,成交
l**2,（匿名）,易方达聚盈A债券基000429首期约定年收益率百分6双十一理财特别版,1000,2013-11-12 8:57,成交
陪**猩,（匿名）,易方达聚盈A债券基000429首期约定年收益率百分6双十一理财特别版,5000,2013-11-12 8:56,成交
沛**灵,（匿名）,易方达聚盈A债券基000429首期约定年收益率百分6双十一理财特别版,5000,2013-11-12 8:54,成交
店**1,（匿名）,易方达聚盈A债券基000429首期约定年收益率百分6双十一理财特别版,1000,2013-11-12 9:01,成交
a**8,（匿名）,易方达聚盈A债券基000429首期约定年收益率百分6双十一理财特别版,6000,2013-11-12 8:53,成交
b**a,（匿名）,易方达聚盈A债券基000429首期约定年收益率百分6双十一理财特别版,2000,2013-11-12 8:52,成交
z**1,（匿名）,易方达聚盈A债券基000429首期约定年收益率百分6双十一理财特别版,8000,2013-11-12 8:51,成交
s**i,（匿名）,易方达聚盈A债券基000429首期约定年收益率百分6双十一理财特别版,4000,2013-11-12 8:53,成交
c**7,（匿名）,易方达聚盈A债券基000429首期约定年收益率百分6双十一理财特别版,1000,2013-11-12 9:53,成交
大**曾,（匿名）,易方达聚盈A债券基000429首期约定年收益率百分6双十一理财特别版,20000,2013-11-12 8:49,成交
t**0,（匿名）,易方达聚盈A债券基000429首期约定年收益率百分6双十一理财特别版,20000,2013-11-12 8:48,成交
我**妍,（匿名）,易方达聚盈A债券基000429首期约定年收益率百分6双十一理财特别版,1000,2013-11-12 8:47,成交
玩**的,（匿名）,易方达聚盈A债券基000429首期约定年收益率百分6双十一理财特别版,4000,2013-11-12 8:46,成交
z**子,（匿名）,易方达聚盈A债券基000429首期约定年收益率百分6双十一理财特别版,3000,2013-11-12 8:45,成交
恩**婴,（匿名）,易方达聚盈A债券基000429首期约定年收益率百分6双十一理财特别版,3000,2013-11-12 8:44,成交
恩**婴,（匿名）,易方达聚盈A债券基000429首期约定年收益率百分6双十一理财特别版,1000,2013-11-12 8:43,成交
l**q,（匿名）,易方达聚盈A债券基000429首期约定年收益率百分6双十一理财特别版,20000,2013-11-12 8:43,成交
天**帅,（匿名）,易方达聚盈A债券基000429首期约定年收益率百分6双十一理财特别版,45000,2013-11-12 8:41,成交
i**6,（匿名）,易方达聚盈A债券基000429首期约定年收益率百分6双十一理财特别版,10000,2013-11-12 8:41,成交
恩**婴,（匿名）,易方达聚盈A债券基000429首期约定年收益率百分6双十一理财特别版,1000,2013-11-12 8:41,成交
m**2,（匿名）,易方达聚盈A债券基000429首期约定年收益率百分6双十一理财特别版,1000,2013-11-12 8:39,成交
l**6,（匿名）,易方达聚盈A债券基000429首期约定年收益率百分6双十一理财特别版,1000,2013-11-12 8:39,成交
拉**8,（匿名）,易方达聚盈A债券基000429首期约定年收益率百分6双十一理财特别版,1000,2013-11-12 8:39,成交
t**9,（匿名）,易方达聚盈A债券基000429首期约定年收益率百分6双十一理财特别版,3000,2013-11-12 8:32,成交
q**g,（匿名）,易方达聚盈A债券基000429首期约定年收益率百分6双十一理财特别版,2000,2013-11-12 8:30,成交
a**d,（匿名）,易方达聚盈A债券基000429首期约定年收益率百分6双十一理财特别版,5000,2013-11-12 8:29,成交
c**0,（匿名）,易方达聚盈A债券基000429首期约定年收益率百分6双十一理财特别版,5000,2013-11-12 8:28,成交
y**8,（匿名）,易方达聚盈A债券基000429首期约定年收益率百分6双十一理财特别版,2000,2013-11-12 8:28,成交
m**i,（匿名）,易方达聚盈A债券基000429首期约定年收益率百分6双十一理财特别版,4000,2013-11-12 8:27,成交
h**7,（匿名）,易方达聚盈A债券基000429首期约定年收益率百分6双十一理财特别版,2000,2013-11-12 8:44,成交
l**9,（匿名）,易方达聚盈A债券基000429首期约定年收益率百分6双十一理财特别版,20000,2013-11-12 8:22,成交
c**1,（匿名）,易方达聚盈A债券基000429首期约定年收益率百分6双十一理财特别版,1000,2013-11-12 8:21,成交
s**i,（匿名）,易方达聚盈A债券基000429首期约定年收益率百分6双十一理财特别版,1000,2013-11-12 8:27,成交
我**白,（匿名）,易方达聚盈A债券基000429首期约定年收益率百分6双十一理财特别版,1000,2013-11-12 8:14,成交
李**语,（匿名）,易方达聚盈A债券基000429首期约定年收益率百分6双十一理财特别版,4000,2013-11-12 8:10,成交
z**8,（匿名）,易方达聚盈A债券基000429首期约定年收益率百分6双十一理财特别版,5000,2013-11-12 8:07,成交
快**天,（匿名）,易方达聚盈A债券基000429首期约定年收益率百分6双十一理财特别版,20000,2013-11-12 8:20,成交
y**i,（匿名）,易方达聚盈A债券基000429首期约定年收益率百分6双十一理财特别版,1000,2013-11-12 7:55,成交
m**e,（匿名）,易方达聚盈A债券基000429首期约定年收益率百分6双十一理财特别版,2000,2013-11-12 7:54,成交
得**驰,（匿名）,易方达聚盈A债券基000429首期约定年收益率百分6双十一理财特别版,50000,2013-11-12 8:19,成交
c**3,（匿名）,易方达聚盈A债券基000429首期约定年收益率百分6双十一理财特别版,50000,2013-11-12 7:48,成交
7**a,（匿名）,易方达聚盈A债券基000429首期约定年收益率百分6双十一理财特别版,2000,2013-11-12 7:43,成交
t**e,（匿名）,易方达聚盈A债券基000429首期约定年收益率百分6双十一理财特别版,20000,2013-11-12 7:41,成交
阳**曲,（匿名）,易方达聚盈A债券基000429首期约定年收益率百分6双十一理财特别版,15000,2013-11-12 7:33,成交
t**t,（匿名）,易方达聚盈A债券基000429首期约定年收益率百分6双十一理财特别版,5000,2013-11-12 8:03,成交
f**y,（匿名）,易方达聚盈A债券基000429首期约定年收益率百分6双十一理财特别版,20000,2013-11-12 7:16,成交
w**8,（匿名）,易方达聚盈A债券基000429首期约定年收益率百分6双十一理财特别版,1000,2013-11-12 7:14,成交
h**i,（匿名）,易方达聚盈A债券基000429首期约定年收益率百分6双十一理财特别版,5000,2013-11-12 7:14,成交
h**6,（匿名）,易方达聚盈A债券基000429首期约定年收益率百分6双十一理财特别版,50000,2013-11-12 7:03,成交
水**局,（匿名）,易方达聚盈A债券基000429首期约定年收益率百分6双十一理财特别版,5000,2013-11-12 6:59,成交
见**胖,（匿名）,易方达聚盈A债券基000429首期约定年收益率百分6双十一理财特别版,50000,2013-11-12 6:49,成交
k**u,（匿名）,易方达聚盈A债券基000429首期约定年收益率百分6双十一理财特别版,2000,2013-11-12 6:35,成交
h**n,（匿名）,易方达聚盈A债券基000429首期约定年收益率百分6双十一理财特别版,1000,2013-11-12 6:26,成交
t**8,（匿名）,易方达聚盈A债券基000429首期约定年收益率百分6双十一理财特别版,40000,2013-11-12 6:13,成交
魅**惑,（匿名）,易方达聚盈A债券基000429首期约定年收益率百分6双十一理财特别版,5000,2013-11-12 3:57,成交
k**7,（匿名）,易方达聚盈A债券基000429首期约定年收益率百分6双十一理财特别版,50000,2013-11-12 3:54,成交
d**1,（匿名）,易方达聚盈A债券基000429首期约定年收益率百分6双十一理财特别版,30000,2013-11-12 2:46,成交
r**0,（匿名）,易方达聚盈A债券基000429首期约定年收益率百分6双十一理财特别版,10000,2013-11-12 2:06,成交
r**灵,（匿名）,易方达聚盈A债券基000429首期约定年收益率百分6双十一理财特别版,1000,2013-11-12 2:02,成交
h**6,（匿名）,易方达聚盈A债券基000429首期约定年收益率百分6双十一理财特别版,10000,2013-11-12 1:55,成交
h**6,（匿名）,易方达聚盈A债券基000429首期约定年收益率百分6双十一理财特别版,1000,2013-11-12 1:42,成交
华**0,（匿名）,易方达聚盈A债券基000429首期约定年收益率百分6双十一理财特别版,2000,2013-11-12 1:37,成交
x**3,（匿名）,易方达聚盈A债券基000429首期约定年收益率百分6双十一理财特别版,1000,2013-11-12 1:31,成交
冬**z,（匿名）,易方达聚盈A债券基000429首期约定年收益率百分6双十一理财特别版,10000,2013-11-12 1:24,成交
p**1,（匿名）,易方达聚盈A债券基000429首期约定年收益率百分6双十一理财特别版,2000,2013-11-12 1:21,成交
雨**5,（匿名）,易方达聚盈A债券基000429首期约定年收益率百分6双十一理财特别版,1000,2013-11-12 1:17,成交
z**i,（匿名）,易方达聚盈A债券基000429首期约定年收益率百分6双十一理财特别版,1000,2013-11-12 1:15,成交
f**r,（匿名）,易方达聚盈A债券基000429首期约定年收益率百分6双十一理财特别版,10000,2013-11-12 1:11,成交
梦**钰,（匿名）,易方达聚盈A债券基000429首期约定年收益率百分6双十一理财特别版,50000,2013-11-12 1:08,成交
o**0,（匿名）,易方达聚盈A债券基000429首期约定年收益率百分6双十一理财特别版,1000,2013-11-12 1:05,成交
幸**6,（匿名）,易方达聚盈A债券基000429首期约定年收益率百分6双十一理财特别版,30000,2013-11-12 0:57,成交
h**o,（匿名）,易方达聚盈A债券基000429首期约定年收益率百分6双十一理财特别版,10000,2013-11-12 0:58,成交
c**0,（匿名）,易方达聚盈A债券基000429首期约定年收益率百分6双十一理财特别版,3000,2013-11-12 1:44,成交
w**7,（匿名）,易方达聚盈A债券基000429首期约定年收益率百分6双十一理财特别版,50000,2013-11-12 0:54,成交
h**b,（匿名）,易方达聚盈A债券基000429首期约定年收益率百分6双十一理财特别版,2000,2013-11-12 0:53,成交
风**上,（匿名）,易方达聚盈A债券基000429首期约定年收益率百分6双十一理财特别版,10000,2013-11-12 0:49,成交
s**0,（匿名）,易方达聚盈A债券基000429首期约定年收益率百分6双十一理财特别版,5000,2013-11-12 0:49,成交
泡**5,（匿名）,易方达聚盈A债券基000429首期约定年收益率百分6双十一理财特别版,3000,2013-11-12 0:46,成交
l**2,（匿名）,易方达聚盈A债券基000429首期约定年收益率百分6双十一理财特别版,2000,2013-11-12 0:46,成交
a**3,（匿名）,易方达聚盈A债券基000429首期约定年收益率百分6双十一理财特别版,2000,2013-11-12 0:43,成交
f**1,（匿名）,易方达聚盈A债券基000429首期约定年收益率百分6双十一理财特别版,5000,2013-11-12 0:42,成交
g**2,（匿名）,易方达聚盈A债券基000429首期约定年收益率百分6双十一理财特别版,5000,2013-11-12 0:40,成交
s**u,（匿名）,易方达聚盈A债券基000429首期约定年收益率百分6双十一理财特别版,1000,2013-11-12 0:30,成交
l**4,（匿名）,易方达聚盈A债券基000429首期约定年收益率百分6双十一理财特别版,10000,2013-11-12 0:28,成交
s**6,（匿名）,易方达聚盈A债券基000429首期约定年收益率百分6双十一理财特别版,10000,2013-11-12 0:27,成交
好**鸟,（匿名）,易方达聚盈A债券基000429首期约定年收益率百分6双十一理财特别版,1000,2013-11-12 8:18,成交
f**y,（匿名）,易方达聚盈A债券基000429首期约定年收益率百分6双十一理财特别版,50000,2013-11-12 0:25,成交
萍**3,（匿名）,易方达聚盈A债券基000429首期约定年收益率百分6双十一理财特别版,3000,2013-11-12 0:22,成交
肥**2,（匿名）,易方达聚盈A债券基000429首期约定年收益率百分6双十一理财特别版,4000,2013-11-12 0:19,成交
z**3,（匿名）,易方达聚盈A债券基000429首期约定年收益率百分6双十一理财特别版,1000,2013-11-12 0:19,成交
w**g,（匿名）,易方达聚盈A债券基000429首期约定年收益率百分6双十一理财特别版,2000,2013-11-12 0:18,成交
风**雪,（匿名）,易方达聚盈A债券基000429首期约定年收益率百分6双十一理财特别版,1000,2013-11-12 0:16,成交
晴**风,（匿名）,易方达聚盈A债券基000429首期约定年收益率百分6双十一理财特别版,2000,2013-11-12 0:15,成交
a**1,（匿名）,易方达聚盈A债券基000429首期约定年收益率百分6双十一理财特别版,2000,2013-11-12 0:13,成交
h**n,（匿名）,易方达聚盈A债券基000429首期约定年收益率百分6双十一理财特别版,5000,2013-11-12 0:38,成交
s**9,（匿名）,易方达聚盈A债券基000429首期约定年收益率百分6双十一理财特别版,6000,2013-11-12 0:09,成交
b**g,（匿名）,易方达聚盈A债券基000429首期约定年收益率百分6双十一理财特别版,2000,2013-11-12 0:07,成交
网**金,（匿名）,易方达聚盈A债券基000429首期约定年收益率百分6双十一理财特别版,20000,2013-11-12 0:07,成交
s**0,（匿名）,易方达聚盈A债券基000429首期约定年收益率百分6双十一理财特别版,5000,2013-11-12 0:04,成交
s**r,（匿名）,易方达聚盈A债券基000429首期约定年收益率百分6双十一理财特别版,10000,2013-11-12 0:03,成交
c**3,（匿名）,易方达聚盈A债券基000429首期约定年收益率百分6双十一理财特别版,1000,2013-11-12 0:02,成交
西**龙,（匿名）,易方达聚盈A债券基000429首期约定年收益率百分6双十一理财特别版,1000,2013-11-12 0:02,成交
x**g,（匿名）,易方达聚盈A债券基000429首期约定年收益率百分6双十一理财特别版,20000,2013-11-12 0:00,成交
w**3,（匿名）,易方达聚盈A债券基000429首期约定年收益率百分6双十一理财特别版,5000,2013-11-12 8:02,成交
锋**利,（匿名）,易方达聚盈A债券基000429首期约定年收益率百分6双十一理财特别版,1000,2013-11-11 23:59,成交
c**n,（匿名）,易方达聚盈A债券基000429首期约定年收益率百分6双十一理财特别版,2000,2013-11-11 23:57,成交
h**b,（匿名）,易方达聚盈A债券基000429首期约定年收益率百分6双十一理财特别版,3000,2013-11-11 23:56,成交
b**1,（匿名）,易方达聚盈A债券基000429首期约定年收益率百分6双十一理财特别版,4000,2013-11-11 23:56,成交
z**2,（匿名）,易方达聚盈A债券基000429首期约定年收益率百分6双十一理财特别版,20000,2013-11-12 9:07,成交
b**1,（匿名）,易方达聚盈A债券基000429首期约定年收益率百分6双十一理财特别版,2000,2013-11-11 23:58,成交
q**4,（匿名）,易方达聚盈A债券基000429首期约定年收益率百分6双十一理财特别版,2000,2013-11-11 23:56,成交
a**4,（匿名）,易方达聚盈A债券基000429首期约定年收益率百分6双十一理财特别版,1000,2013-11-11 23:54,成交
敏**m,（匿名）,易方达聚盈A债券基000429首期约定年收益率百分6双十一理财特别版,10000,2013-11-11 23:51,成交
k**克,（匿名）,易方达聚盈A债券基000429首期约定年收益率百分6双十一理财特别版,3000,2013-11-11 23:52,成交
王**安,（匿名）,易方达聚盈A债券基000429首期约定年收益率百分6双十一理财特别版,30000,2013-11-12 0:29,成交
r**4,（匿名）,易方达聚盈A债券基000429首期约定年收益率百分6双十一理财特别版,2000,2013-11-11 23:45,成交
静**妞,（匿名）,易方达聚盈A债券基000429首期约定年收益率百分6双十一理财特别版,16000,2013-11-12 8:29,成交
a**h,（匿名）,易方达聚盈A债券基000429首期约定年收益率百分6双十一理财特别版,50000,2013-11-11 23:43,成交
花**留,（匿名）,易方达聚盈A债券基000429首期约定年收益率百分6双十一理财特别版,16000,2013-11-11 23:43,成交
w**2,（匿名）,易方达聚盈A债券基000429首期约定年收益率百分6双十一理财特别版,3000,2013-11-11 23:41,成交
风**上,（匿名）,易方达聚盈A债券基000429首期约定年收益率百分6双十一理财特别版,4000,2013-11-11 23:39,成交
k**e,（匿名）,易方达聚盈A债券基000429首期约定年收益率百分6双十一理财特别版,10000,2013-11-11 23:41,成交
w**t,（匿名）,易方达聚盈A债券基000429首期约定年收益率百分6双十一理财特别版,5000,2013-11-11 23:41,成交
m**s,（匿名）,易方达聚盈A债券基000429首期约定年收益率百分6双十一理财特别版,20000,2013-11-11 23:39,成交
风**上,（匿名）,易方达聚盈A债券基000429首期约定年收益率百分6双十一理财特别版,5000,2013-11-12 0:45,成交
s**6,（匿名）,易方达聚盈A债券基000429首期约定年收益率百分6双十一理财特别版,3000,2013-11-11 23:36,成交
x**2,（匿名）,易方达聚盈A债券基000429首期约定年收益率百分6双十一理财特别版,18000,2013-11-11 23:34,成交
淇**8,（匿名）,易方达聚盈A债券基000429首期约定年收益率百分6双十一理财特别版,6000,2013-11-11 23:32,成交
l**7,（匿名）,易方达聚盈A债券基000429首期约定年收益率百分6双十一理财特别版,2000,2013-11-11 23:32,成交
w**9,（匿名）,易方达聚盈A债券基000429首期约定年收益率百分6双十一理财特别版,1000,2013-11-11 23:29,成交
i**e,（匿名）,易方达聚盈A债券基000429首期约定年收益率百分6双十一理财特别版,5000,2013-11-11 23:29,成交
h**2,（匿名）,易方达聚盈A债券基000429首期约定年收益率百分6双十一理财特别版,1000,2013-11-11 23:29,成交
m**9,（匿名）,易方达聚盈A债券基000429首期约定年收益率百分6双十一理财特别版,48000,2013-11-11 23:29,成交
s**2,（匿名）,易方达聚盈A债券基000429首期约定年收益率百分6双十一理财特别版,2000,2013-11-11 23:29,成交
l**7,（匿名）,易方达聚盈A债券基000429首期约定年收益率百分6双十一理财特别版,10000,2013-11-11 23:28,成交
w**9,（匿名）,易方达聚盈A债券基000429首期约定年收益率百分6双十一理财特别版,1000,2013-11-11 23:29,成交
l**7,（匿名）,易方达聚盈A债券基000429首期约定年收益率百分6双十一理财特别版,5000,2013-11-11 23:28,成交
y**3,（匿名）,易方达聚盈A债券基000429首期约定年收益率百分6双十一理财特别版,3000,2013-11-11 23:27,成交
2**y,（匿名）,易方达聚盈A债券基000429首期约定年收益率百分6双十一理财特别版,1000,2013-11-12 11:00,成交
l**7,（匿名）,易方达聚盈A债券基000429首期约定年收益率百分6双十一理财特别版,1000,2013-11-11 23:27,成交
c**9,（匿名）,易方达聚盈A债券基000429首期约定年收益率百分6双十一理财特别版,1000,2013-11-11 23:27,成交
f**e,（匿名）,易方达聚盈A债券基000429首期约定年收益率百分6双十一理财特别版,1000,2013-11-11 23:26,成交
f**e,（匿名）,易方达聚盈A债券基000429首期约定年收益率百分6双十一理财特别版,1000,2013-11-11 23:25,成交
z**2,（匿名）,易方达聚盈A债券基000429首期约定年收益率百分6双十一理财特别版,20000,2013-11-11 23:41,成交
s**y,（匿名）,易方达聚盈A债券基000429首期约定年收益率百分6双十一理财特别版,2000,2013-11-11 23:24,成交
l**7,（匿名）,易方达聚盈A债券基000429首期约定年收益率百分6双十一理财特别版,30000,2013-11-11 23:22,成交
f**e,（匿名）,易方达聚盈A债券基000429首期约定年收益率百分6双十一理财特别版,1000,2013-11-11 23:22,成交
地**生,（匿名）,易方达聚盈A债券基000429首期约定年收益率百分6双十一理财特别版,10000,2013-11-11 23:21,成交
玉**骨,（匿名）,易方达聚盈A债券基000429首期约定年收益率百分6双十一理财特别版,50000,2013-11-12 10:51,成交
i**e,（匿名）,易方达聚盈A债券基000429首期约定年收益率百分6双十一理财特别版,15000,2013-11-11 23:18,成交
依**我,（匿名）,易方达聚盈A债券基000429首期约定年收益率百分6双十一理财特别版,2000,2013-11-11 23:48,成交
y**3,（匿名）,易方达聚盈A债券基000429首期约定年收益率百分6双十一理财特别版,2000,2013-11-11 23:50,成交
f**e,（匿名）,易方达聚盈A债券基000429首期约定年收益率百分6双十一理财特别版,1000,2013-11-11 23:17,成交
海**儿,（匿名）,易方达聚盈A债券基000429首期约定年收益率百分6双十一理财特别版,20000,2013-11-11 23:15,成交
y**n,（匿名）,易方达聚盈A债券基000429首期约定年收益率百分6双十一理财特别版,5000,2013-11-11 23:14,成交
b**x,（匿名）,易方达聚盈A债券基000429首期约定年收益率百分6双十一理财特别版,50000,2013-11-11 23:14,成交
方**公,（匿名）,易方达聚盈A债券基000429首期约定年收益率百分6双十一理财特别版,3000,2013-11-11 23:12,成交
l**5,（匿名）,易方达聚盈A债券基000429首期约定年收益率百分6双十一理财特别版,10000,2013-11-11 23:12,成交
e**e,（匿名）,易方达聚盈A债券基000429首期约定年收益率百分6双十一理财特别版,3000,2013-11-11 23:12,成交
h**g,（匿名）,易方达聚盈A债券基000429首期约定年收益率百分6双十一理财特别版,10000,2013-11-11 23:19,成交
c**d,（匿名）,易方达聚盈A债券基000429首期约定年收益率百分6双十一理财特别版,1000,2013-11-11 23:10,成交
z**1,（匿名）,易方达聚盈A债券基000429首期约定年收益率百分6双十一理财特别版,50000,2013-11-11 23:09,成交
小**长,（匿名）,易方达聚盈A债券基000429首期约定年收益率百分6双十一理财特别版,1000,2013-11-11 23:10,成交
2**靖,（匿名）,易方达聚盈A债券基000429首期约定年收益率百分6双十一理财特别版,1000,2013-11-11 23:34,成交
x**m,（匿名）,易方达聚盈A债券基000429首期约定年收益率百分6双十一理财特别版,5000,2013-11-11 23:12,成交
楚**s,（匿名）,易方达聚盈A债券基000429首期约定年收益率百分6双十一理财特别版,3000,2013-11-11 23:08,成交
w**7,（匿名）,易方达聚盈A债券基000429首期约定年收益率百分6双十一理财特别版,30000,2013-11-12 0:47,成交
w**5,（匿名）,易方达聚盈A债券基000429首期约定年收益率百分6双十一理财特别版,2000,2013-11-11 23:04,成交
丁**店,（匿名）,易方达聚盈A债券基000429首期约定年收益率百分6双十一理财特别版,10000,2013-11-11 23:09,成交
e**t,（匿名）,易方达聚盈A债券基000429首期约定年收益率百分6双十一理财特别版,30000,2013-11-11 22:57,成交
x**h,（匿名）,易方达聚盈A债券基000429首期约定年收益率百分6双十一理财特别版,5000,2013-11-11 22:57,成交
h**z,（匿名）,易方达聚盈A债券基000429首期约定年收益率百分6双十一理财特别版,10000,2013-11-11 22:56,成交
i**y,（匿名）,易方达聚盈A债券基000429首期约定年收益率百分6双十一理财特别版,4000,2013-11-11 22:56,成交
玩**的,（匿名）,易方达聚盈A债券基000429首期约定年收益率百分6双十一理财特别版,10000,2013-11-12 8:43,成交
f**9,（匿名）,易方达聚盈A债券基000429首期约定年收益率百分6双十一理财特别版,5000,2013-11-11 22:56,成交
s**7,（匿名）,易方达聚盈A债券基000429首期约定年收益率百分6双十一理财特别版,20000,2013-11-12 12:45,成交
每**y,（匿名）,易方达聚盈A债券基000429首期约定年收益率百分6双十一理财特别版,1000,2013-11-11 22:54,成交
伊**丽,（匿名）,易方达聚盈A债券基000429首期约定年收益率百分6双十一理财特别版,1000,2013-11-11 22:55,成交
蕾**特,（匿名）,易方达聚盈A债券基000429首期约定年收益率百分6双十一理财特别版,15000,2013-11-11 22:52,成交
每**y,（匿名）,易方达聚盈A债券基000429首期约定年收益率百分6双十一理财特别版,2000,2013-11-11 22:52,成交
i**u,（匿名）,易方达聚盈A债券基000429首期约定年收益率百分6双十一理财特别版,10000,2013-11-11 22:51,成交
飞**一,（匿名）,易方达聚盈A债券基000429首期约定年收益率百分6双十一理财特别版,20000,2013-11-12 12:20,成交
y**n,（匿名）,易方达聚盈A债券基000429首期约定年收益率百分6双十一理财特别版,20000,2013-11-11 22:50,成交
n**g,（匿名）,易方达聚盈A债券基000429首期约定年收益率百分6双十一理财特别版,2000,2013-11-11 22:47,成交
栗**1,（匿名）,易方达聚盈A债券基000429首期约定年收益率百分6双十一理财特别版,1000,2013-11-11 22:48,成交
a**3,（匿名）,易方达聚盈A债券基000429首期约定年收益率百分6双十一理财特别版,10000,2013-11-11 22:55,成交
l**x,（匿名）,易方达聚盈A债券基000429首期约定年收益率百分6双十一理财特别版,1000,2013-11-11 22:42,成交
c**4,（匿名）,易方达聚盈A债券基000429首期约定年收益率百分6双十一理财特别版,5000,2013-11-11 22:49,成交
w**4,（匿名）,易方达聚盈A债券基000429首期约定年收益率百分6双十一理财特别版,10000,2013-11-11 22:41,成交
秋**9,（匿名）,易方达聚盈A债券基000429首期约定年收益率百分6双十一理财特别版,5000,2013-11-11 22:44,成交
一**e,（匿名）,易方达聚盈A债券基000429首期约定年收益率百分6双十一理财特别版,1000,2013-11-11 22:39,成交
l**y,（匿名）,易方达聚盈A债券基000429首期约定年收益率百分6双十一理财特别版,1000,2013-11-11 22:52,成交
d**2,（匿名）,易方达聚盈A债券基000429首期约定年收益率百分6双十一理财特别版,20000,2013-11-11 22:38,成交
l**2,（匿名）,易方达聚盈A债券基000429首期约定年收益率百分6双十一理财特别版,10000,2013-11-11 22:53,成交
高**6,（匿名）,易方达聚盈A债券基000429首期约定年收益率百分6双十一理财特别版,5000,2013-11-11 22:35,成交
t**3,（匿名）,易方达聚盈A债券基000429首期约定年收益率百分6双十一理财特别版,4000,2013-11-11 22:33,成交
陶**言,（匿名）,易方达聚盈A债券基000429首期约定年收益率百分6双十一理财特别版,1000,2013-11-11 22:38,成交
d**2,（匿名）,易方达聚盈A债券基000429首期约定年收益率百分6双十一理财特别版,10000,2013-11-11 22:32,成交
i**u,（匿名）,易方达聚盈A债券基000429首期约定年收益率百分6双十一理财特别版,20000,2013-11-11 22:31,成交
x**0,（匿名）,易方达聚盈A债券基000429首期约定年收益率百分6双十一理财特别版,20000,2013-11-12 9:22,成交
幸**点,（匿名）,易方达聚盈A债券基000429首期约定年收益率百分6双十一理财特别版,1000,2013-11-11 22:55,成交
讨**菲,（匿名）,易方达聚盈A债券基000429首期约定年收益率百分6双十一理财特别版,2000,2013-11-11 22:27,成交
z**x,（匿名）,易方达聚盈A债券基000429首期约定年收益率百分6双十一理财特别版,3000,2013-11-11 22:27,成交
天**3,（匿名）,易方达聚盈A债券基000429首期约定年收益率百分6双十一理财特别版,20000,2013-11-11 22:30,成交
b**n,（匿名）,易方达聚盈A债券基000429首期约定年收益率百分6双十一理财特别版,3000,2013-11-11 23:11,成交
s**7,（匿名）,易方达聚盈A债券基000429首期约定年收益率百分6双十一理财特别版,2000,2013-11-11 22:25,成交
l**7,（匿名）,易方达聚盈A债券基000429首期约定年收益率百分6双十一理财特别版,2000,2013-11-11 23:00,成交
s**1,（匿名）,易方达聚盈A债券基000429首期约定年收益率百分6双十一理财特别版,20000,2013-11-12 14:16,成交
江**刚,（匿名）,易方达聚盈A债券基000429首期约定年收益率百分6双十一理财特别版,10000,2013-11-12 10:55,成交
j**2,（匿名）,易方达聚盈A债券基000429首期约定年收益率百分6双十一理财特别版,1000,2013-11-11 22:22,成交
s**1,（匿名）,易方达聚盈A债券基000429首期约定年收益率百分6双十一理财特别版,20000,2013-11-11 22:20,成交
d**l,（匿名）,易方达聚盈A债券基000429首期约定年收益率百分6双十一理财特别版,1000,2013-11-11 22:21,成交
m**h,（匿名）,易方达聚盈A债券基000429首期约定年收益率百分6双十一理财特别版,1000,2013-11-11 22:33,成交
n**m,（匿名）,易方达聚盈A债券基000429首期约定年收益率百分6双十一理财特别版,10000,2013-11-11 22:19,成交
b**8,（匿名）,易方达聚盈A债券基000429首期约定年收益率百分6双十一理财特别版,5000,2013-11-11 22:30,成交
d**l,（匿名）,易方达聚盈A债券基000429首期约定年收益率百分6双十一理财特别版,1000,2013-11-11 22:18,成交
话**丸,（匿名）,易方达聚盈A债券基000429首期约定年收益率百分6双十一理财特别版,3000,2013-11-11 22:20,成交
g**子,（匿名）,易方达聚盈A债券基000429首期约定年收益率百分6双十一理财特别版,2000,2013-11-11 22:18,成交
x**3,（匿名）,易方达聚盈A债券基000429首期约定年收益率百分6双十一理财特别版,50000,2013-11-11 22:18,成交
n**o,（匿名）,易方达聚盈A债券基000429首期约定年收益率百分6双十一理财特别版,20000,2013-11-11 22:18,成交
l**7,（匿名）,易方达聚盈A债券基000429首期约定年收益率百分6双十一理财特别版,1000,2013-11-12 8:15,成交
l**8,（匿名）,易方达聚盈A债券基000429首期约定年收益率百分6双十一理财特别版,10000,2013-11-11 22:18,成交
a**1,（匿名）,易方达聚盈A债券基000429首期约定年收益率百分6双十一理财特别版,2000,2013-11-11 22:17,成交
c**n,（匿名）,易方达聚盈A债券基000429首期约定年收益率百分6双十一理财特别版,3000,2013-11-11 22:16,成交
千**缘,（匿名）,易方达聚盈A债券基000429首期约定年收益率百分6双十一理财特别版,1000,2013-11-11 22:16,成交
s**3,（匿名）,易方达聚盈A债券基000429首期约定年收益率百分6双十一理财特别版,10000,2013-11-12 11:50,成交
w**n,（匿名）,易方达聚盈A债券基000429首期约定年收益率百分6双十一理财特别版,5000,2013-11-11 22:14,成交
o**t,（匿名）,易方达聚盈A债券基000429首期约定年收益率百分6双十一理财特别版,4000,2013-11-11 22:15,成交
中**虫,（匿名）,易方达聚盈A债券基000429首期约定年收益率百分6双十一理财特别版,5000,2013-11-11 22:13,成交
z**5,（匿名）,易方达聚盈A债券基000429首期约定年收益率百分6双十一理财特别版,20000,2013-11-11 22:13,成交
陈**5,（匿名）,易方达聚盈A债券基000429首期约定年收益率百分6双十一理财特别版,17000,2013-11-11 22:13,成交
l**7,（匿名）,易方达聚盈A债券基000429首期约定年收益率百分6双十一理财特别版,2000,2013-11-11 22:12,成交
j**n,（匿名）,易方达聚盈A债券基000429首期约定年收益率百分6双十一理财特别版,10000,2013-11-11 22:13,成交
b**o,（匿名）,易方达聚盈A债券基000429首期约定年收益率百分6双十一理财特别版,50000,2013-11-11 22:21,成交
a**l,（匿名）,易方达聚盈A债券基000429首期约定年收益率百分6双十一理财特别版,50000,2013-11-11 22:09,成交
c**0,（匿名）,易方达聚盈A债券基000429首期约定年收益率百分6双十一理财特别版,4000,2013-11-11 22:48,成交
g**g,（匿名）,易方达聚盈A债券基000429首期约定年收益率百分6双十一理财特别版,2000,2013-11-11 22:27,成交
l**n,（匿名）,易方达聚盈A债券基000429首期约定年收益率百分6双十一理财特别版,5000,2013-11-11 22:07,成交
天**3,（匿名）,易方达聚盈A债券基000429首期约定年收益率百分6双十一理财特别版,10000,2013-11-11 22:15,成交
h**7,（匿名）,易方达聚盈A债券基000429首期约定年收益率百分6双十一理财特别版,50000,2013-11-11 22:19,成交
d**z,（匿名）,易方达聚盈A债券基000429首期约定年收益率百分6双十一理财特别版,7000,2013-11-11 22:02,成交
c**l,（匿名）,易方达聚盈A债券基000429首期约定年收益率百分6双十一理财特别版,1000,2013-11-11 22:02,成交
罗**1,（匿名）,易方达聚盈A债券基000429首期约定年收益率百分6双十一理财特别版,1000,2013-11-11 22:01,成交
栖**孩,（匿名）,易方达聚盈A债券基000429首期约定年收益率百分6双十一理财特别版,15000,2013-11-11 22:01,成交
s**8,（匿名）,易方达聚盈A债券基000429首期约定年收益率百分6双十一理财特别版,1000,2013-11-11 22:02,成交
l**y,（匿名）,易方达聚盈A债券基000429首期约定年收益率百分6双十一理财特别版,30000,2013-11-11 22:01,成交
方**公,（匿名）,易方达聚盈A债券基000429首期约定年收益率百分6双十一理财特别版,7000,2013-11-11 22:08,成交
l**h,（匿名）,易方达聚盈A债券基000429首期约定年收益率百分6双十一理财特别版,1000,2013-11-11 22:00,成交
l**0,（匿名）,易方达聚盈A债券基000429首期约定年收益率百分6双十一理财特别版,10000,2013-11-11 22:33,成交
y**6,（匿名）,易方达聚盈A债券基000429首期约定年收益率百分6双十一理财特别版,30000,2013-11-11 21:57,成交
t**8,（匿名）,易方达聚盈A债券基000429首期约定年收益率百分6双十一理财特别版,3000,2013-11-11 21:56,成交
r**1,（匿名）,易方达聚盈A债券基000429首期约定年收益率百分6双十一理财特别版,3000,2013-11-11 21:55,成交
t**8,（匿名）,易方达聚盈A债券基000429首期约定年收益率百分6双十一理财特别版,9000,2013-11-12 9:26,成交
重**儿,（匿名）,易方达聚盈A债券基000429首期约定年收益率百分6双十一理财特别版,2000,2013-11-11 21:54,成交
w**s,（匿名）,易方达聚盈A债券基000429首期约定年收益率百分6双十一理财特别版,49000,2013-11-11 22:01,成交
花**李,（匿名）,易方达聚盈A债券基000429首期约定年收益率百分6双十一理财特别版,3000,2013-11-11 21:51,成交
a**4,（匿名）,易方达聚盈A债券基000429首期约定年收益率百分6双十一理财特别版,5000,2013-11-11 21:51,成交
y**9,（匿名）,易方达聚盈A债券基000429首期约定年收益率百分6双十一理财特别版,1000,2013-11-11 21:50,成交
f**b,（匿名）,易方达聚盈A债券基000429首期约定年收益率百分6双十一理财特别版,10000,2013-11-11 21:48,成交
d**p,（匿名）,易方达聚盈A债券基000429首期约定年收益率百分6双十一理财特别版,5000,2013-11-11 21:47,成交
联**货,（匿名）,易方达聚盈A债券基000429首期约定年收益率百分6双十一理财特别版,50000,2013-11-11 21:47,成交
c**i,（匿名）,易方达聚盈A债券基000429首期约定年收益率百分6双十一理财特别版,2000,2013-11-11 21:45,成交
l**4,（匿名）,易方达聚盈A债券基000429首期约定年收益率百分6双十一理财特别版,2000,2013-11-11 21:43,成交
灵**6,（匿名）,易方达聚盈A债券基000429首期约定年收益率百分6双十一理财特别版,1000,2013-11-11 21:41,成交
q**9,（匿名）,易方达聚盈A债券基000429首期约定年收益率百分6双十一理财特别版,2000,2013-11-11 21:40,成交
t**1,（匿名）,易方达聚盈A债券基000429首期约定年收益率百分6双十一理财特别版,12000,2013-11-11 21:43,成交
b**号,（匿名）,易方达聚盈A债券基000429首期约定年收益率百分6双十一理财特别版,15000,2013-11-11 21:39,成交
6**y,（匿名）,易方达聚盈A债券基000429首期约定年收益率百分6双十一理财特别版,2000,2013-11-11 21:38,成交
r**2,（匿名）,易方达聚盈A债券基000429首期约定年收益率百分6双十一理财特别版,5000,2013-11-11 21:39,成交
a**2,（匿名）,易方达聚盈A债券基000429首期约定年收益率百分6双十一理财特别版,5000,2013-11-11 21:35,成交
l**y,（匿名）,易方达聚盈A债券基000429首期约定年收益率百分6双十一理财特别版,20000,2013-11-11 21:33,成交
金**8,（匿名）,易方达聚盈A债券基000429首期约定年收益率百分6双十一理财特别版,2000,2013-11-11 21:39,成交
我**狗,（匿名）,易方达聚盈A债券基000429首期约定年收益率百分6双十一理财特别版,5000,2013-11-11 21:33,成交
云**燕,（匿名）,易方达聚盈A债券基000429首期约定年收益率百分6双十一理财特别版,1000,2013-11-11 22:14,成交
t**3,（匿名）,易方达聚盈A债券基000429首期约定年收益率百分6双十一理财特别版,10000,2013-11-11 21:32,成交
b**号,（匿名）,易方达聚盈A债券基000429首期约定年收益率百分6双十一理财特别版,1000,2013-11-11 21:32,成交
李**群,（匿名）,易方达聚盈A债券基000429首期约定年收益率百分6双十一理财特别版,1000,2013-11-11 21:31,成交
b**号,（匿名）,易方达聚盈A债券基000429首期约定年收益率百分6双十一理财特别版,1000,2013-11-11 21:31,成交
w**u,（匿名）,易方达聚盈A债券基000429首期约定年收益率百分6双十一理财特别版,10000,2013-11-11 21:38,成交
b**号,（匿名）,易方达聚盈A债券基000429首期约定年收益率百分6双十一理财特别版,1000,2013-11-11 21:30,成交
c**r,（匿名）,易方达聚盈A债券基000429首期约定年收益率百分6双十一理财特别版,1000,2013-11-11 21:30,成交
h**6,（匿名）,易方达聚盈A债券基000429首期约定年收益率百分6双十一理财特别版,38000,2013-11-11 21:29,成交
a**8,（匿名）,易方达聚盈A债券基000429首期约定年收益率百分6双十一理财特别版,1000,2013-11-11 21:29,成交
b**号,（匿名）,易方达聚盈A债券基000429首期约定年收益率百分6双十一理财特别版,1000,2013-11-11 21:28,成交
香**猫,（匿名）,易方达聚盈A债券基000429首期约定年收益率百分6双十一理财特别版,5000,2013-11-11 21:28,成交
快**8,（匿名）,易方达聚盈A债券基000429首期约定年收益率百分6双十一理财特别版,2000,2013-11-11 21:27,成交
l**3,（匿名）,易方达聚盈A债券基000429首期约定年收益率百分6双十一理财特别版,1000,2013-11-11 21:42,成交
w**9,（匿名）,易方达聚盈A债券基000429首期约定年收益率百分6双十一理财特别版,1000,2013-11-11 21:26,成交
木**x,（匿名）,易方达聚盈A债券基000429首期约定年收益率百分6双十一理财特别版,10000,2013-11-11 21:24,成交
t**y,（匿名）,易方达聚盈A债券基000429首期约定年收益率百分6双十一理财特别版,20000,2013-11-11 21:23,成交
p**8,（匿名）,易方达聚盈A债券基000429首期约定年收益率百分6双十一理财特别版,1000,2013-11-11 21:22,成交
c**9,（匿名）,易方达聚盈A债券基000429首期约定年收益率百分6双十一理财特别版,29000,2013-11-11 21:22,成交
d**9,（匿名）,易方达聚盈A债券基000429首期约定年收益率百分6双十一理财特别版,1000,2013-11-11 21:22,成交
b**7,（匿名）,易方达聚盈A债券基000429首期约定年收益率百分6双十一理财特别版,5000,2013-11-11 21:16,成交
2**r,（匿名）,易方达聚盈A债券基000429首期约定年收益率百分6双十一理财特别版,5000,2013-11-11 21:09,成交
m**f,（匿名）,易方达聚盈A债券基000429首期约定年收益率百分6双十一理财特别版,5000,2013-11-11 22:21,成交
2**g,（匿名）,易方达聚盈A债券基000429首期约定年收益率百分6双十一理财特别版,5000,2013-11-11 20:56,成交
b**l,（匿名）,易方达聚盈A债券基000429首期约定年收益率百分6双十一理财特别版,2000,2013-11-11 20:56,成交
l**6,（匿名）,易方达聚盈A债券基000429首期约定年收益率百分6双十一理财特别版,2000,2013-11-11 20:56,成交
j**c,（匿名）,易方达聚盈A债券基000429首期约定年收益率百分6双十一理财特别版,5000,2013-11-11 20:58,成交
七**2,（匿名）,易方达聚盈A债券基000429首期约定年收益率百分6双十一理财特别版,5000,2013-11-11 20:47,成交
s**k,（匿名）,易方达聚盈A债券基000429首期约定年收益率百分6双十一理财特别版,1000,2013-11-11 20:11,成交
